Time,Treatment,Rep,Pro.count,BacSml.count,BacLrg.count,BacTot.count,Phage.abun,Pro.C,BacSml.C,BacLrg.C,BacTot.C,TotMicrobial.C,Pro.C.Fraction
0,C,A,16700000,231000,498000,729000,0,342335146.5101215,2692572.527276092,11797445.19852745,14490017.725803545,356825164.2359251,0.959391827768562
0,C,B,18200000,347000,572000,918000,0,440655039.18379414,4163854.8680565897,13215900.864461329,17379755.732517917,458034794.916312,0.9620558177557376
0,C,C,16400000,556000,689000,1250000,0,472614163.1510465,6355672.109848733,14992986.38856244,21348658.498411175,493962821.6494577,0.9567808394422824
0,LV,A,17400000,214000,453000,667000,62800,391133013.3473452,2499011.5289540915,10645777.6208961,13144789.14985019,404277802.4971954,0.9674857509646688
0,LV,B,18500000,219000,368000,587000,97700,440959106.6628265,2542804.8200906096,8464684.43367586,11007489.25376647,451966595.91659296,0.9756453477907074
0,LV,C,17300000,606000,679000,1290000,37400,448885510.06336594,7002521.97741725,15184876.313322105,22187398.290739354,471072908.3541053,0.9529002880503986
0,HV,A,16100000,332000,359000,691000,10400000,351423149.8599522,3879531.567908641,7748059.935501873,11627591.503410513,363050741.3633627,0.9679725443894
0,HV,B,16900000,289000,443000,732000,8360000,402069273.1720587,3455018.9021942215,10515420.247289676,13970439.149483897,416039712.3215426,0.9664204191673736
0,HV,C,16100000,687000,779000,1470000,9130000,406736699.3144913,8035956.756549344,17294992.04906623,25330948.805615578,432067648.1201068,0.9413727250447272
2,C,A,17400000,NA,NA,NA,NA,461637428.28713095,NA,NA,NA,NA,NA
2,C,B,18700000,NA,NA,NA,NA,533031376.4470734,NA,NA,NA,NA,NA
2,C,C,15400000,NA,NA,NA,NA,435361140.5257664,NA,NA,NA,NA,NA
2,LV,A,17100000,NA,NA,NA,NA,442644033.45626,NA,NA,NA,NA,NA
2,LV,B,18100000,NA,NA,NA,NA,501176916.2683679,NA,NA,NA,NA,NA
2,LV,C,16100000,NA,NA,NA,NA,450530675.95523053,NA,NA,NA,NA,NA
2,HV,A,16900000,NA,NA,NA,NA,418784251.8191584,NA,NA,NA,NA,NA
2,HV,B,16900000,NA,NA,NA,NA,467084831.6156337,NA,NA,NA,NA,NA
2,HV,C,15800000,NA,NA,NA,NA,430931713.5359551,NA,NA,NA,NA,NA
4,C,A,17700000,NA,NA,NA,NA,529756818.1173908,NA,NA,NA,NA,NA
4,C,B,17800000,NA,NA,NA,NA,573293362.6072266,NA,NA,NA,NA,NA
4,C,C,17800000,NA,NA,NA,NA,552455073.2956902,NA,NA,NA,NA,NA
4,LV,A,18000000,NA,NA,NA,NA,527132301.95111006,NA,NA,NA,NA,NA
4,LV,B,18400000,NA,NA,NA,NA,571823874.2184579,NA,NA,NA,NA,NA
4,LV,C,16600000,NA,NA,NA,NA,508613830.2808538,NA,NA,NA,NA,NA
4,HV,A,16200000,NA,NA,NA,NA,445847494.7510358,NA,NA,NA,NA,NA
4,HV,B,17300000,NA,NA,NA,NA,537357976.2208112,NA,NA,NA,NA,NA
4,HV,C,16600000,NA,NA,NA,NA,498329874.8157317,NA,NA,NA,NA,NA
6,C,A,19100000,192000,680000,872000,0,635433351.0586797,2356892.236379262,15597969.584058829,17954861.82043809,653388212.8791178,0.9725203769114212
6,C,B,17500000,220000,660000,880000,0,628138143.9869366,2832210.5661962423,15687170.230987351,18519380.797183596,646657524.7841202,0.9713613774101428
6,C,C,18300000,821000,1070000,1890000,0,628211483.8248671,9377919.201083403,23331543.555696823,32709462.756780226,660920946.5816474,0.9505092660083524
6,LV,A,17700000,152000,662000,815000,53300,572378839.9307691,1878397.5956876671,16405614.653813591,18284012.249501254,590662852.1802703,0.9690449260826024
6,LV,B,18000000,221000,511000,732000,36100,693054534.0811988,2774682.5473706624,11970237.7068594,14744920.254230062,707799454.3354288,0.9791679406307618
6,LV,C,17700000,488000,936000,1420000,118000,597634203.5920017,6115850.613892876,20507208.86810879,26623059.48200167,624257263.0740033,0.9573524233408148
6,HV,A,17600000,271000,600000,871000,12200000,533115360.57881474,3417754.7272151774,14265619.184793882,17683373.91200906,550798734.4908237,0.9678950353283652
6,HV,B,17100000,168000,642000,810000,11200000,677991513.1985204,2145224.1228189585,15532389.809401965,17677613.93222092,695669127.1307414,0.9745890492436664
6,HV,C,17100000,575000,927000,1500000,20800000,561994808.7343557,7369461.353399061,21265671.6366626,28635132.990061663,590629941.7244173,0.9515176407981318
8,C,A,18200000,NA,NA,NA,NA,665663356.1888067,NA,NA,NA,NA,NA
8,C,B,18100000,NA,NA,NA,NA,700410915.1598406,NA,NA,NA,NA,NA
8,C,C,16700000,NA,NA,NA,NA,612306847.1474035,NA,NA,NA,NA,NA
8,LV,A,17700000,NA,NA,NA,NA,624678146.604073,NA,NA,NA,NA,NA
8,LV,B,17000000,NA,NA,NA,NA,638619429.8485075,NA,NA,NA,NA,NA
8,LV,C,17000000,NA,NA,NA,NA,613555307.1609057,NA,NA,NA,NA,NA
8,HV,A,18100000,NA,NA,NA,NA,591554406.2573819,NA,NA,NA,NA,NA
8,HV,B,17300000,NA,NA,NA,NA,642464276.6115792,NA,NA,NA,NA,NA
8,HV,C,16200000,NA,NA,NA,NA,577029061.0408671,NA,NA,NA,NA,NA
10,C,A,16800000,NA,NA,NA,NA,652304648.9701152,NA,NA,NA,NA,NA
10,C,B,16300000,NA,NA,NA,NA,674291550.7713999,NA,NA,NA,NA,NA
10,C,C,17000000,NA,NA,NA,NA,651975365.1563994,NA,NA,NA,NA,NA
10,LV,A,15500000,NA,NA,NA,NA,581953114.5127621,NA,NA,NA,NA,NA
10,LV,B,15300000,NA,NA,NA,NA,622792452.3633928,NA,NA,NA,NA,NA
10,LV,C,17100000,NA,NA,NA,NA,656057128.6335148,NA,NA,NA,NA,NA
10,HV,A,14700000,NA,NA,NA,NA,515395663.5650599,NA,NA,NA,NA,NA
10,HV,B,15400000,NA,NA,NA,NA,613652509.2955701,NA,NA,NA,NA,NA
10,HV,C,16100000,NA,NA,NA,NA,606678424.0855539,NA,NA,NA,NA,NA
12,C,A,15400000,333000,798000,1130000,0,617724563.7344128,4076423.3276486793,17460263.486901596,21536686.814550277,639261250.5489631,0.966310038664074
12,C,B,15400000,310000,1010000,1320000,0,651606094.348934,3770153.6020792015,22749156.80888329,26519310.410962492,678125404.7598965,0.9608932061462112
12,C,C,16800000,749000,902000,1650000,0,666694278.1184698,9393821.191146038,19640445.614629615,29034266.805775657,695728544.9242455,0.9582678229640024
12,LV,A,15000000,315000,873000,1190000,105000,576471562.7801362,3842431.5868844343,19363127.51192729,23205559.098811727,599677121.878948,0.961303244275682
12,LV,B,14300000,258000,1270000,1520000,126000,592500171.8114562,3216137.3297040225,31087079.892908648,34303217.22261267,626803389.0340688,0.9452727636404848
12,LV,C,16500000,630000,1080000,1710000,180000,648864122.1076504,8347050.177426658,23873886.84979209,32220937.027218744,681085059.1348691,0.952691757666588
12,HV,A,14500000,311000,924000,1230000,23300000,520359502.183746,4135309.0115054585,20799622.191421863,24934931.202927325,545294433.3866733,0.954272536676996
12,HV,B,13800000,161000,1040000,1200000,25200000,558714556.4858589,2156629.2122271457,24723465.51562277,26880094.727849916,585594651.2137089,0.9540977796294108
12,HV,C,15600000,468000,1660000,2120000,38100000,603729394.9237404,6165149.1533148065,37392796.883422315,43557946.03673712,647287340.9604775,0.9327069397462592
14,C,A,15000000,NA,NA,NA,NA,578508298.5623922,NA,NA,NA,NA,NA
14,C,B,16000000,NA,NA,NA,NA,663584274.388313,NA,NA,NA,NA,NA
14,C,C,18800000,NA,NA,NA,NA,729545076.0980239,NA,NA,NA,NA,NA
14,LV,A,16200000,NA,NA,NA,NA,604677197.4351612,NA,NA,NA,NA,NA
14,LV,B,15700000,NA,NA,NA,NA,636730508.3818523,NA,NA,NA,NA,NA
14,LV,C,16900000,NA,NA,NA,NA,650814105.4464259,NA,NA,NA,NA,NA
14,HV,A,15000000,NA,NA,NA,NA,530844062.0619152,NA,NA,NA,NA,NA
14,HV,B,15000000,NA,NA,NA,NA,608532464.1516091,NA,NA,NA,NA,NA
14,HV,C,16700000,NA,NA,NA,NA,568988253.2448483,NA,NA,NA,NA,NA
16,C,A,17700000,NA,NA,NA,NA,637506586.2692395,NA,NA,NA,NA,NA
16,C,B,17700000,NA,NA,NA,NA,688482254.1460685,NA,NA,NA,NA,NA
16,C,C,19900000,NA,NA,NA,NA,706874342.6886753,NA,NA,NA,NA,NA
16,LV,A,16400000,NA,NA,NA,NA,571640971.1825997,NA,NA,NA,NA,NA
16,LV,B,17700000,NA,NA,NA,NA,679714916.698185,NA,NA,NA,NA,NA
16,LV,C,18300000,NA,NA,NA,NA,700984999.213073,NA,NA,NA,NA,NA
16,HV,A,15200000,NA,NA,NA,NA,519960878.36359584,NA,NA,NA,NA,NA
16,HV,B,15200000,NA,NA,NA,NA,604510051.3827533,NA,NA,NA,NA,NA
16,HV,C,13900000,NA,NA,NA,NA,513661148.9947133,NA,NA,NA,NA,NA
18,C,A,19700000,451000,763000,1210000,0,643348272.6400274,5265264.373045846,17040844.425343078,22306108.798388924,665654381.4384164,0.9664899542158988
18,C,B,19100000,640000,1320000,1950000,0,666801588.5464541,7490648.752849404,29860470.213048372,37351118.965897776,704152707.5123519,0.9469559392907076
18,C,C,20100000,867000,874000,1740000,0,664930210.5373349,10353588.946731225,18737868.10190002,29091457.048631243,694021667.5859661,0.9580827827035706
18,LV,A,20200000,531000,900000,1430000,436000,632781873.8384497,6203115.516539953,19942110.097562283,26145225.614102237,658927099.452552,0.9603215201866424
18,LV,B,19300000,804000,1700000,2500000,788000,662376175.9093766,9944823.874659324,40230404.62299843,50175228.49765775,712551404.4070344,0.929583706961588
18,LV,C,18300000,850000,1110000,1960000,1880000,601017359.0837463,10411093.00594478,23427100.360779725,33838193.366724506,634855552.4504708,0.946699381873384
18,HV,A,14600000,513000,1050000,1560000,50200000,470082203.1634385,6645764.448607307,23132225.569507603,29777990.01811491,499860193.1815534,0.9404273626419792
18,HV,B,14500000,508000,1410000,1910000,103000000,545631270.7121954,6479541.923571534,31353680.22026379,37833222.14383533,583464492.8560307,0.9351576272299904
18,HV,C,12900000,1120000,2300000,3420000,NA,458569212.20735914,15038136.513062898,50046664.16017111,65084800.673234,523654012.8805931,0.875710299028922
20,C,A,22800000,NA,NA,NA,NA,679374317.3406911,NA,NA,NA,NA,NA
20,C,B,21000000,NA,NA,NA,NA,664456412.1915303,NA,NA,NA,NA,NA
20,C,C,22400000,NA,NA,NA,NA,671806231.3170947,NA,NA,NA,NA,NA
20,LV,A,21100000,NA,NA,NA,NA,606893271.0729324,NA,NA,NA,NA,NA
20,LV,B,22800000,NA,NA,NA,NA,713412545.2065672,NA,NA,NA,NA,NA
20,LV,C,22800000,NA,NA,NA,NA,668016294.1169182,NA,NA,NA,NA,NA
20,HV,A,14800000,NA,NA,NA,NA,455463987.8016057,NA,NA,NA,NA,NA
20,HV,B,14200000,NA,NA,NA,NA,514282970.4429332,NA,NA,NA,NA,NA
20,HV,C,11700000,NA,NA,NA,NA,383352483.0044599,NA,NA,NA,NA,NA
22,C,A,23900000,NA,NA,NA,NA,639375152.62841,NA,NA,NA,NA,NA
22,C,B,23900000,NA,NA,NA,NA,703628998.6009823,NA,NA,NA,NA,NA
22,C,C,26200000,NA,NA,NA,NA,738314775.9599341,NA,NA,NA,NA,NA
22,LV,A,23800000,NA,NA,NA,NA,633416914.0628273,NA,NA,NA,NA,NA
22,LV,B,23500000,NA,NA,NA,NA,675741297.4702551,NA,NA,NA,NA,NA
22,LV,C,26500000,NA,NA,NA,NA,727572373.3981154,NA,NA,NA,NA,NA
22,HV,A,15000000,NA,NA,NA,NA,428612325.7127347,NA,NA,NA,NA,NA
22,HV,B,12500000,NA,NA,NA,NA,419186931.5049872,NA,NA,NA,NA,NA
22,HV,C,9610000,NA,NA,NA,NA,314274841.6033664,NA,NA,NA,NA,NA
24,C,A,28300000,444000,889000,1330000,0,778431831.5641679,4859047.135389953,19942715.284614597,24801762.42000455,803233593.9841725,0.9691226031807464
24,C,B,27500000,878000,1470000,2350000,0,809216428.9607157,9939145.955545625,33886186.605179146,43825332.560724765,853041761.5214404,0.94862463417669
24,C,C,26500000,947000,1210000,2150000,0,743888759.744223,10540546.108276747,26243038.41181482,36783584.52009156,780672344.2643145,0.9528821729239616
24,LV,A,25100000,606000,1050000,1650000,1190000,665334989.5265335,6866883.0444792975,23380796.091856252,30247679.13633555,695582668.662869,0.956514616451728
24,LV,B,26300000,854000,1490000,2350000,1760000,763777927.1985939,10131197.864822973,35704363.852553606,45835561.717376575,809613488.9159704,0.9433858719686748
24,LV,C,27900000,1130000,1300000,2430000,2430000,761458430.0166161,12839895.888099104,27965919.471749123,40805815.35984823,802264245.3764644,0.949136689569532
24,HV,A,12900000,407000,1720000,2130000,184000000,357485406.3467043,5542837.9536962155,41718652.48021919,47261490.43391541,404746896.78061974,0.8832319881638722
24,HV,B,11000000,325000,1980000,2300000,271000000,344259421.63834035,4647289.502774217,48407511.21692901,53054800.71970323,397314222.3580435,0.8664663942689362
24,HV,C,8120000,773000,3880000,4650000,287000000,231171338.73432595,10966457.326691782,88880770.44362989,99847227.77032168,331018566.5046476,0.6983636633296828
26,C,A,29200000,NA,NA,NA,NA,858525486.7406555,NA,NA,NA,NA,NA
26,C,B,29400000,NA,NA,NA,NA,912151893.4826244,NA,NA,NA,NA,NA
26,C,C,26200000,NA,NA,NA,NA,775892353.9136769,NA,NA,NA,NA,NA
26,LV,A,26000000,NA,NA,NA,NA,738915944.6132013,NA,NA,NA,NA,NA
26,LV,B,28300000,NA,NA,NA,NA,861389094.1921594,NA,NA,NA,NA,NA
26,LV,C,29800000,NA,NA,NA,NA,849861827.9624295,NA,NA,NA,NA,NA
26,HV,A,11300000,NA,NA,NA,NA,308971107.88893163,NA,NA,NA,NA,NA
26,HV,B,8220000,NA,NA,NA,NA,250075884.93573976,NA,NA,NA,NA,NA
26,HV,C,5080000,NA,NA,NA,NA,143194833.87957016,NA,NA,NA,NA,NA
28,C,A,29400000,NA,NA,NA,NA,937594133.3434856,NA,NA,NA,NA,NA
28,C,B,28400000,NA,NA,NA,NA,940412949.0399724,NA,NA,NA,NA,NA
28,C,C,31300000,NA,NA,NA,NA,891790168.1043234,NA,NA,NA,NA,NA
28,LV,A,27800000,NA,NA,NA,NA,844891487.8732504,NA,NA,NA,NA,NA
28,LV,B,26100000,NA,NA,NA,NA,843500926.3458111,NA,NA,NA,NA,NA
28,LV,C,29800000,NA,NA,NA,NA,918259569.102828,NA,NA,NA,NA,NA
28,HV,A,9370000,NA,NA,NA,NA,243533934.50150543,NA,NA,NA,NA,NA
28,HV,B,7510000,NA,NA,NA,NA,213214823.7739862,NA,NA,NA,NA,NA
28,HV,C,3890000,NA,NA,NA,NA,NA,NA,NA,NA,NA,NA
30,C,A,29200000,546000,994000,1540000,0,1009674761.8219408,6145307.711882609,22156161.123224735,28301468.835107345,1037976230.6570482,0.9727339913967084
30,C,B,29500000,953000,1550000,2510000,0,1058392158.6124856,11194467.382286832,35267662.39321007,46462129.7754969,1104854288.3879826,0.9579472784204996
30,C,C,30700000,877000,1100000,1980000,0,955117487.1684884,9776304.093728112,24586830.156936757,34363134.25066487,989480621.4191532,0.9652715439728574
30,LV,A,25300000,661000,1260000,1920000,6440000,918328703.0334976,7509850.437240538,28465307.53934517,35975157.97658571,954303861.0100832,0.9623021980247384
30,LV,B,29600000,862000,1580000,2440000,7400000,1028259663.7813886,10460537.825534131,37456943.27274938,47917481.098283514,1076177144.879672,0.9554743553825972
30,LV,C,27200000,998000,1280000,2270000,15600000,908410682.5532264,11282277.55236786,29503069.405144285,40785346.95751214,949196029.5107386,0.9570316924118036
30,HV,A,5930000,420000,2840000,3260000,303000000,146345653.02439243,6155853.525702905,68143082.11768562,74298935.64338852,220644588.66778097,0.6632641838533436
30,HV,B,4550000,237000,3280000,3520000,333000000,123071098.74588344,3452783.1699240003,84494562.1522147,87947345.32213871,211018444.06802216,0.5832243683220945
30,HV,C,2280000,2050000,4470000,6510000,291000000,NA,NA,NA,NA,NA,NA
32,C,A,30300000,NA,NA,NA,NA,1107791540.4363482,NA,NA,NA,NA,NA
32,C,B,30700000,NA,NA,NA,NA,1163094255.741538,NA,NA,NA,NA,NA
32,C,C,27300000,NA,NA,NA,NA,992093066.5047544,NA,NA,NA,NA,NA
32,LV,A,29600000,NA,NA,NA,NA,1014130168.62451,NA,NA,NA,NA,NA
32,LV,B,28700000,NA,NA,NA,NA,1053902028.4561336,NA,NA,NA,NA,NA
32,LV,C,25700000,NA,NA,NA,NA,888477820.5171627,NA,NA,NA,NA,NA
32,HV,A,4440000,NA,NA,NA,NA,NA,NA,NA,NA,NA,NA
32,HV,B,3180000,NA,NA,NA,NA,NA,NA,NA,NA,NA,NA
32,HV,C,1940000,NA,NA,NA,NA,NA,NA,NA,NA,NA,NA
34,C,A,30600000,NA,NA,NA,NA,1136257633.768334,NA,NA,NA,NA,NA
34,C,B,29100000,NA,NA,NA,NA,1124000489.4480774,NA,NA,NA,NA,NA
34,C,C,27000000,NA,NA,NA,NA,1030259333.7954586,NA,NA,NA,NA,NA
34,LV,A,28200000,NA,NA,NA,NA,1004665277.4345796,NA,NA,NA,NA,NA
34,LV,B,27800000,NA,NA,NA,NA,1039537933.3668904,NA,NA,NA,NA,NA
34,LV,C,26000000,NA,NA,NA,NA,936521707.7175646,NA,NA,NA,NA,NA
34,HV,A,2270000,NA,NA,NA,NA,NA,NA,NA,NA,NA,NA
34,HV,B,2030000,NA,NA,NA,NA,NA,NA,NA,NA,NA,NA
34,HV,C,1660000,NA,NA,NA,NA,NA,NA,NA,NA,NA,NA
36,C,A,27700000,701000,1260000,1960000,0,995424140.8849462,8401541.228908114,28076296.10478262,36477837.33369073,1031901978.218637,0.9646499007622196
36,C,B,31000000,1010000,2460000,3480000,0,1163641548.5171642,12407896.418776007,57832930.17680705,70240826.59558307,1233882375.1127472,0.94307332042962
36,C,C,26300000,1020000,1320000,2330000,0,971812404.5214078,11724293.518898215,29076889.474587373,40801182.99348559,1012613587.5148934,0.9597070555870992
36,LV,A,24200000,589000,1680000,2270000,31500000,854281359.0091181,8087682.251480217,38946626.78329756,47034309.034777775,901315668.0438958,0.9478159420696024
36,LV,B,24100000,609000,3410000,4020000,38100000,869949663.347746,8468236.598677889,83367102.69733219,91835339.29601008,961785002.6437562,0.9045157295616244
36,LV,C,23300000,810000,2300000,3110000,103000000,824020846.7429335,11170073.16168036,51952691.69221492,63122764.85389528,887143611.5968288,0.928847185473977
36,HV,A,1480000,1010000,4870000,5880000,204000000,NA,NA,NA,NA,NA,NA
36,HV,B,943000,1210000,6160000,7370000,270000000,NA,NA,NA,NA,NA,NA
36,HV,C,1230000,4510000,3380000,7890000,180000000,NA,NA,NA,NA,NA,NA
38,C,A,32100000,NA,NA,NA,NA,1062682063.0700252,NA,NA,NA,NA,NA
38,C,B,30900000,NA,NA,NA,NA,1100639907.0526152,NA,NA,NA,NA,NA
38,C,C,29900000,NA,NA,NA,NA,1081396039.875813,NA,NA,NA,NA,NA
38,LV,A,23700000,NA,NA,NA,NA,812504027.0233341,NA,NA,NA,NA,NA
38,LV,B,22900000,NA,NA,NA,NA,781703536.0366994,NA,NA,NA,NA,NA
38,LV,C,22700000,NA,NA,NA,NA,794307142.1762881,NA,NA,NA,NA,NA
38,HV,A,1210000,NA,NA,NA,NA,NA,NA,NA,NA,NA,NA
38,HV,B,570000,NA,NA,NA,NA,NA,NA,NA,NA,NA,NA
38,HV,C,1170000,NA,NA,NA,NA,NA,NA,NA,NA,NA,NA
40,C,A,35800000,NA,NA,NA,NA,1009990018.5516846,NA,NA,NA,NA,NA
40,C,B,34800000,NA,NA,NA,NA,1109385358.216149,NA,NA,NA,NA,NA
40,C,C,33400000,NA,NA,NA,NA,1119908499.184529,NA,NA,NA,NA,NA
40,LV,A,23000000,NA,NA,NA,NA,744986730.2385536,NA,NA,NA,NA,NA
40,LV,B,21400000,NA,NA,NA,NA,711912668.2525012,NA,NA,NA,NA,NA
40,LV,C,20000000,NA,NA,NA,NA,674922181.3969407,NA,NA,NA,NA,NA
40,HV,A,1350000,NA,NA,NA,NA,NA,NA,NA,NA,NA,NA
40,HV,B,497000,NA,NA,NA,NA,NA,NA,NA,NA,NA,NA
40,HV,C,937000,NA,NA,NA,NA,NA,NA,NA,NA,NA,NA
42,C,A,34300000,968000,1500000,2470000,0,964933586.3388757,11620465.163085392,33353182.660671037,44973647.82375643,1009907234.162632,0.9554675456295284
42,C,B,33100000,1360000,2750000,4110000,0,966074439.3866352,16400854.056000764,65033025.41033127,81433879.46633203,1047508318.8529671,0.922259443671528
42,C,C,35700000,1310000,1450000,2770000,0,1110371062.3882034,15156538.473287093,30458470.487514134,45615008.96080123,1155986071.3490045,0.9605401742362089
42,LV,A,19700000,1000000,2720000,3730000,172000000,610071166.2244017,13428618.409131529,59884053.46035847,73312671.86949,683383838.0938917,0.8927210920381505
42,LV,B,18800000,746000,5160000,5900000,201000000,592283926.1524503,10185060.951177755,120993840.5622557,131178901.51343346,723462827.6658838,0.8186791407975205
42,LV,C,18300000,1480000,4300000,5780000,NA,581210667.2189709,19903586.57242127,93444133.57312998,113347720.14555123,694558387.3645221,0.8368060594939394
42,HV,A,1140000,3440000,5100000,8540000,290000000,NA,NA,NA,NA,NA,NA
42,HV,B,631000,3190000,7350000,10500000,320000000,NA,NA,NA,NA,NA,NA
42,HV,C,927000,6000000,3110000,9110000,300000000,NA,NA,NA,NA,NA,NA
44,C,A,40300000,NA,NA,NA,NA,1054066232.3463912,NA,NA,NA,NA,NA
44,C,B,35500000,NA,NA,NA,NA,940211781.3152416,NA,NA,NA,NA,NA
44,C,C,36300000,NA,NA,NA,NA,1076728252.996848,NA,NA,NA,NA,NA
44,LV,A,19400000,NA,NA,NA,NA,563804421.7354363,NA,NA,NA,NA,NA
44,LV,B,16700000,NA,NA,NA,NA,484191225.7154241,NA,NA,NA,NA,NA
44,LV,C,15100000,NA,NA,NA,NA,445102151.43712467,NA,NA,NA,NA,NA
44,HV,A,1110000,NA,NA,NA,NA,NA,NA,NA,NA,NA,NA
44,HV,B,1380000,NA,NA,NA,NA,NA,NA,NA,NA,NA,NA
44,HV,C,1030000,NA,NA,NA,NA,NA,NA,NA,NA,NA,NA
46,C,A,40800000,NA,NA,NA,NA,1026944017.1386408,NA,NA,NA,NA,NA
46,C,B,40200000,NA,NA,NA,NA,1028879390.9472524,NA,NA,NA,NA,NA
46,C,C,44000000,NA,NA,NA,NA,1279190895.7877312,NA,NA,NA,NA,NA
46,LV,A,17700000,NA,NA,NA,NA,479190197.84441346,NA,NA,NA,NA,NA
46,LV,B,12900000,NA,NA,NA,NA,357206770.2756105,NA,NA,NA,NA,NA
46,LV,C,13800000,NA,NA,NA,NA,375996056.1008646,NA,NA,NA,NA,NA
46,HV,A,1470000,NA,NA,NA,NA,NA,NA,NA,NA,NA,NA
46,HV,B,1310000,NA,NA,NA,NA,NA,NA,NA,NA,NA,NA
46,HV,C,1100000,NA,NA,NA,NA,NA,NA,NA,NA,NA,NA
48,C,A,37100000,1100000,1730000,2830000,0,898951483.5427389,13030461.073830536,36960765.23165002,49991226.305480555,948942709.8482196,0.947319025915193
48,C,B,44700000,1860000,2860000,4720000,0,1082564172.726282,22629414.807858832,62807816.46489055,85437231.27274938,1168001403.9990315,0.9268517734822688
48,C,C,44800000,1400000,1690000,3090000,0,1237738511.63666,15763588.291413208,37318511.81925875,53082100.11067196,1290820611.747332,0.958877244732855
48,LV,A,13200000,526000,4930000,5460000,278000000,329851053.2199792,7661731.596160421,113378747.92571284,121040479.52187328,450891532.7418525,0.7315529994856386
48,LV,B,11300000,1650000,9000000,10600000,290000000,255887700.66343033,21750166.185353436,200870494.7530677,222620660.93842113,478508361.60185146,0.534761189557529
48,LV,C,12200000,2100000,6320000,8420000,260000000,290704203.3638355,29862310.205611255,132328758.79353397,162191068.9991452,452895272.3629807,0.6418795273509625
48,HV,A,1860000,4840000,3810000,8660000,207000000,NA,NA,NA,NA,NA,NA
48,HV,B,868000,5400000,6470000,11900000,286000000,NA,NA,NA,NA,NA,NA
48,HV,C,1000000,5600000,2900000,8500000,159000000,NA,NA,NA,NA,NA,NA
