MF,Name,final_fc_determination,mz,RT,Fraction,SIRUS_adduct,SIRIUS_molecular_formula,Classyfire_class,Classyfire_class_probability,Classyfire_most_specific_classification,Classyfire_most_specific_classification_probability,SIRIUS_predicted_identity,SIRIUS_identity_confidence_score
HPos_1022,Trigonelline,Not Changed,138.05481,8.484,HPos,[M + H]+,C7H7NO2,Pyridines and derivatives,0.9999110698699952,Pyridinecarboxylic acids,0.9890572428703308,Gynesine,0.380191459778242
HPos_1022,Trigonelline,Not Changed,138.05481,8.484,HPos,[M + H]+,C7H7NO2,Pyridines and derivatives,0.9998250603675842,Pyridinecarboxylic acids,0.9952579140663148,Gynesine,0.3052705416718
HPos_1157,Ectoine,Not Changed,143.08125,10.162,HPos,[M + H]+,C6H10N2O2,Carboxylic acids and derivatives,0.998009979724884,Alpha amino acids and derivatives,0.9299697279930116,ectoine,0.720177483690752
HPos_1157,Ectoine,Not Changed,143.08125,10.162,HPos,[M + H]+,C6H10N2O2,Carboxylic acids and derivatives,0.9973950386047364,Alpha amino acids and derivatives,0.9264609217643738,ectoine,0.725644288788122
HPos_1241,Glutamine,Not Changed,147.07626,11.233,HPos,[M + H]+,C5H10N2O3,Carboxylic acids and derivatives,0.9998767375946044,D-alpha-amino acids,0.5463649034500122,glutamin,0.896650504485539
HPos_1241,Glutamine,Not Changed,147.07626,11.233,HPos,[M + H]+,C5H10N2O3,Carboxylic acids and derivatives,0.999904990196228,D-alpha-amino acids,0.5474969148635864,glutamin,0.905271835532944
HPos_1263,Unknown,Decreased,148.06003,11.224,HPos,[M + H]+,C5H9NO4,Carboxylic acids and derivatives,0.9999994039535522,Alpha amino acids,0.9233161807060242,Glutamat,0.602548577789607
HPos_1419,Histidine,Not Changed,156.07669,11.085,HPos,[M + CH2O2 + H]+,C5H7N3,Carboxylic acids and derivatives,0.9990546107292176,Histidine and derivatives,0.8451619148254395,histidin,0.663116754181584
HPos_1419,Histidine,Not Changed,156.07669,11.085,HPos,[M + H]+,C6H9N3O2,Carboxylic acids and derivatives,0.9990431666374208,Histidine and derivatives,0.8514600992202759,histidin,0.623753428150234
HPos_1446,Unknown,Not Changed,157.09721,9.022,HPos,[M + H]+,C7H12N2O2,Carboxylic acids and derivatives,0.9993657469749452,Alpha amino acids,0.6477599740028381,"2-methyl-4,5,6,7-tetrahydro-1H-1,3-diazepine-7-carboxylic acid",0.695144022098375
HPos_1446,Unknown,Not Changed,157.09721,9.022,HPos,[M + H]+,C7H12N2O2,Carboxylic acids and derivatives,0.9960435628890992,Alpha amino acids and derivatives,0.9203880429267884,"2-methyl-4,5,6,7-tetrahydro-1H-1,3-diazepine-7-carboxylic acid",0.525604664234415
HPos_1496,5-Hydroxyectoine,Not Changed,159.07632,11.537,HPos,[M + H]+,C6H10N2O3,Carboxylic acids and derivatives,0.9971497654914856,Alpha amino acids and derivatives,0.7678276300430298,n-(2-amino-2-oxoethyl)-3-oxobutanamide,0.292540503934156
HPos_1538,Unknown,Not Changed,161.09219,10.054,HPos,[M + H]+,C6H12N2O3,Carboxylic acids and derivatives,0.9999991655349731,N-acyl-alpha amino acids,0.9841434955596924,N-Acetyl-ornithine,0.619453774681345
HPos_1538,Unknown,Not Changed,161.09219,10.054,HPos,[M + H]+,C6H12N2O3,Carboxylic acids and derivatives,0.999997854232788,N-acyl-alpha amino acids,0.9846781492233276,N-Acetyl-ornithine,0.57174045389168
HPos_1726,Unknown,Not Changed,171.07648,11.235,HPos,[M + H]+,C7H10N2O3,Carboxylic acids and derivatives,0.9999442100524902,Proline and derivatives,0.9352669715881348,Pidolate,0.896336012705122
HPos_1926,Tyrosine,Not Changed,182.08119,9.578,HPos,[M + H]+,C9H11NO3,Carboxylic acids and derivatives,0.9993775486946106,Phenylalanine and derivatives,0.8364972472190857,tyrosine,0.415083901796781
HPos_1926,Tyrosine,Not Changed,182.08119,9.578,HPos,[M + H]+,C9H11NO3,Carboxylic acids and derivatives,0.9993628859519958,Phenylalanine and derivatives,0.7835665345191956,tyrosine,0.425015787999146
HPos_2568,Unknown,Not Changed,217.15454,2.373,HPos,[M + H]+,C10H20N2O3,Carboxylic acids and derivatives,0.999992847442627,Dipeptides,0.9997912049293518,Valylvaline,0.983551545826271
HPos_2888,Unknown,Not Changed,233.14935,2.681,HPos,[M + H]+,C10H20N2O4,Carboxylic acids and derivatives,0.9999997615814208,Dipeptides,0.9999287128448486,threonylleucine,0.493696374390595
HPos_2947,Unknown,Increased,236.14882,10.742,HPos,[M + H]+,C10H21NO5,Hydroxy acids and derivatives,0.5988416075706482,Beta hydroxy acids and derivatives,0.6183612942695618,null,0.111582414513234
HPos_3094,Unknown,Not Changed,245.18599,2.061,HPos,[M + H]+,C12H24N2O3,Carboxylic acids and derivatives,0.999995231628418,Dipeptides,0.9999723434448242,isoleucylisoleucine,0.508907602988434
HPos_3196,Deoxyadenosine,Not Changed,252.10895,4.494,HPos,[M + H]+,C10H13N5O3,Purine nucleosides,0.9121286273002625,Purine nucleosides,0.9121286273002625,2''-dA threo,0.631150062536608
HPos_3196,Deoxyadenosine,Not Changed,252.10895,4.494,HPos,[M + H]+,C10H13N5O3,Purine nucleosides,0.9243343472480774,Purine 2'-deoxyribonucleosides,0.9207450747489928,2''-dA threo,0.570650064185708
HPos_331,Unknown,Not Changed,97.07645,10.147,HPos,[M + H]+,C5H8N2,Organonitrogen compounds,0.9999948740005492,Aralkylamines,0.7004258632659912,"2,4-Dimethylimidazole",0.200721978360776
HPos_3316,Unknown,Not Changed,260.16077,2.882,HPos,[M + H]+,C11H21N3O4,Carboxylic acids and derivatives,0.9999985694885254,Dipeptides,0.998577356338501,"L-Isoleucine, L-glutaminyl-",0.514292859327626
HPos_3429,Adenosine,Not Changed,268.10349,5.488,HPos,[M + H]+,C10H13N5O4,Purine nucleosides,0.9989687204360962,Purine nucleosides,0.9989687204360962,Adenocor,0.696327335281081
HPos_3429,Adenosine,Not Changed,268.10349,5.488,HPos,[M + H]+,C10H13N5O4,Purine nucleosides,0.9989680051803588,Purine nucleosides,0.9989680051803588,Adenocor,0.668461271554116
HPos_3495,Unknown,Increased,272.13406,10.679,HPos,[M + H]+,C10H17N5O4,Fatty Acyls,0.584387481212616,Fatty acyl glycosides of mono- and disaccharides,0.5175005793571472,Lilioside B,0.411770236067014
HPos_3495,Unknown,Increased,272.13406,10.679,HPos,[M + H]+,C9H21NO8,Organooxygen compounds,0.9999996423721312,Hexoses,0.5298759937286377,Lilioside B,0.367560195993998
HPos_3536,Unknown,Not Changed,274.18719,10.62,HPos,[M + H]+,C11H23N5O3,Carboxylic acids and derivatives,1,Dipeptides,0.9968754053115844,valylarginine,0.921191802527608
HPos_3581,Unknown,Increased,277.08936,10.619,HPos,[M + Na]+,C9H18O8,NA,NA,NA,NA,NA,NA
HPos_3701,Unknown,Decreased,286.11331,10.461,HPos,[M + H]+,C9H19NO9,Organooxygen compounds,1,Disaccharides,0.7218278050422668,mannosylglycerate,0.408618688641918
HPos_3732,Unknown,Increased,288.20331,10.427,HPos,[M + H]+,C12H25N5O3,Carboxylic acids and derivatives,1,Dipeptides,0.9999843835830688,Leucylarginine,0.253540231210833
HPos_3766,Unknown,Not Changed,290.17105,2.771,HPos,[M + H]+,C12H23N3O5,Carboxylic acids and derivatives,1,Oligopeptides,0.9963178634643556,2-[[2-(2-aminopropanoylamino)-3-hydroxypropanoyl]amino]-3-methylpentanoic acid,0.201576639894412
HPos_4371,Unknown,Decreased,340.03543,10.607,HPos,[M + H]+,C9H14N3O7PS,Diazines,0.9992244243621826,Pyrimidones,0.6442363262176514,null,0.0520827927634155
HPos_4606,Unknown,Decreased,360.1499,12.007,HPos,[M + H]+,C12H25NO11,Fatty Acyls,0.3999108374118805,Alkyl glycosides,0.6092979311943054,Sugar-d6,0.155378078187898
HPos_4662,Unknown,Not Changed,366.05112,9.668,HPos,[M + H]+,C8H15NO15,Carboxylic acids and derivatives,0.99971741437912,Arginine and derivatives,0.6035228371620178,NA,NA
HPos_5283,Unknown,Decreased,438.15906,10.218,HPos,[M + Na]+,C16H25N5O8,Purine nucleosides,0.9862284660339355,Purine nucleosides,0.9862284660339355,L-alanyl-L-asparaginyl-L-alpha-aspartyl-L-proline,0.0915670750270206
HPos_5283,Unknown,Decreased,438.15906,10.218,HPos,[M + Na]+,C16H25N5O8,NA,NA,NA,NA,NA,NA
HPos_639,Proline,Not Changed,116.07065,9.667,HPos,[M + H]+,C5H9NO2,NA,NA,NA,NA,NA,NA
HPos_901,Unknown,Not Changed,130.04996,11.157,HPos,[M + H]+,C5H7NO3,Carboxylic acids and derivatives,0.9999346733093262,Proline and derivatives,0.9664319157600404,Pidolate,0.971994075240831
HPos_962,Aspartic acid,Decreased,134.04491,11.546,HPos,[M + H]+,C4H7NO4,Carboxylic acids and derivatives,0.9999984502792358,L-alpha-amino acids,0.5474900007247925,aspartate,0.886815889485639
HPos_962,Aspartic acid,Decreased,134.04491,11.546,HPos,[M + H]+,C4H7NO4,Carboxylic acids and derivatives,0.9999986886978148,L-alpha-amino acids,0.5330116152763367,aspartate,0.974960712213028
HPos_989,Adenine,Increased,136.06171,5.611,HPos,[M + H]+,C5H5N5,Imidazopyrimidines,0.9298095703125,6-aminopurines,0.6384421586990356,adenine,0.773188776043401
HNeg_1104,Unknown,Not Changed,167.01228,9.4,HNeg,[M - H]-,C5H5N4OP,Azoles,0.7788457274436951,Imidazoles,0.6969960331916809,null,0.08258754331290655
HNeg_1104,Unknown,Not Changed,167.01228,9.4,HNeg,[M + Cl]-,C5H8O4,NA,NA,NA,NA,NA,NA
HNeg_1264,Unknown,Not Changed,180.06586,9.537,HNeg,[M - H]-,C7H9N4O2,Carboxylic acids and derivatives,0.9999088048934937,Tyrosine and derivatives,0.6216623783111572,"2-amino-4-azidohepta-4,6-dienoic acid",N/A
HNeg_1264,Unknown,Not Changed,180.06586,9.537,HNeg,[M - H]-,C7H9N4O2,Carboxylic acids and derivatives,0.999832272529602,Tyrosine and derivatives,0.5274839997291565,"2-amino-4-azidohepta-4,6-dienoic acid",N/A
HNeg_1352,Unknown,Not Changed,187.10834,2.775,HNeg,[M - H]-,C6H14N5O2,Carboxylic acids and derivatives,0.9664801359176636,Alpha amino acids and derivatives,0.8234822750091553,NA,NA
HNeg_1770,Unknown,Decreased,219.05197,2.312,HNeg,[M - H]-,C9H8N4O3,Pteridines and derivatives,0.7351212501525879,Pteridines and derivatives,0.7351212501525879,null,0.12092335068023458
HNeg_1877,Unknown,Not Changed,229.15564,2.174,HNeg,[M - H]-,C9H20N5O2,Carboxylic acids and derivatives,0.9982178807258606,Alpha amino acids,0.5424481630325317,NA,NA
HNeg_1877,Unknown,Not Changed,229.15564,2.174,HNeg,[M - H]-,C9H20N5O2,Carboxylic acids and derivatives,0.9988468885421752,Valine and derivatives,0.7156293988227844,NA,NA
HNeg_2635,Sucrose,Decreased,341.10889,11.914,HNeg,[M - H]-,C10H20N3O10,Organooxygen compounds,0.9989412426948548,Monosaccharides,0.5626798272132874,null,0.13248435792597507
HNeg_2635,Sucrose,Decreased,341.10889,11.914,HNeg,[M - H]-,C10H20N3O10,Organooxygen compounds,0.999450981616974,Monosaccharides,0.5315454602241516,null,0.1728850807817472
HNeg_2736,Unknown,Decreased,366.99765,10.542,HNeg,[M + Br]-,C19H12O3,NA,NA,NA,NA,NA,NA
HNeg_2778,Unknown,Decreased,377.08578,11.928,HNeg,[M + Cl]-,C8H19ClN8O5,Imidazopyrimidines,0.7901344895362854,Purines and purine derivatives,0.5647355318069458,NA,NA
HNeg_2905,Unknown,Decreased,414.16245,10.21,HNeg,[M - H]-,C15H19N12O3,Imidazopyrimidines,0.998975157737732,6-aminopurines,0.923129379749298,null,0.838872211497001
HNeg_651,Unknown,Decreased,132.02922,11.538,HNeg,[M - H]-,C2H5N4O3,Carboxylic acids and derivatives,0.9880480766296388,Alpha amino acids and derivatives,0.7259581089019775,NA,NA
HNeg_651,Unknown,Decreased,132.02922,11.538,HNeg,[M - H]-,C2H5N4O3,Carboxylic acids and derivatives,0.9876219630241394,Alpha amino acids and derivatives,0.7204579710960388,NA,NA
HNeg_682,Unknown,Not Changed,134.04597,5.533,HNeg,[M - H]-,C4H9NO4,NA,NA,NA,NA,NA,NA
RP_10543,Unknown,Not Changed,245.18597,2.369,RP,[M + H]+,C12H24N2O3,Carboxylic acids and derivatives,0.9999961853027344,Dipeptides,0.9999812841415404,isoleucylisoleucine,0.1854734611019268
RP_10987,Unknown,Not Changed,252.10916,1.27,RP,[M + H]+,C10H13N5O3,Purine nucleosides,0.9548155069351196,Purine 2'-deoxyribonucleosides,0.8186590671539307,2''-dA threo,0.32660688287560063
RP_11047,Unknown,Not Changed,253.11819,1.531,RP,[M + H]+,C12H16N2O4,Carboxylic acids and derivatives,0.9999951124191284,Dipeptides,0.9995701909065248,Serinylphenylalanine,0.7551569615241231
RP_12203,Unknown,Not Changed,268.10394,1.096,RP,[M + H]+,C10H13N5O4,Purine nucleosides,0.9995908141136168,Purine 2'-deoxyribonucleosides,0.9955735206604004,bmse000003,0.3658131293023332
RP_12203,Unknown,Not Changed,268.10394,1.096,RP,[M + H]+,C10H13N5O4,NA,NA,NA,NA,NA,NA
RP_12205,Unknown,Not Changed,268.10422,1.425,RP,[M + H]+,C10H13N5O4,Purine nucleosides,0.9995908141136168,Purine 2'-deoxyribonucleosides,0.9955735206604004,bmse000003,0.3658131293023332
RP_12205,Unknown,Not Changed,268.10422,1.425,RP,[M + H]+,C10H13N5O4,NA,NA,NA,NA,NA,NA
RP_12279,Unknown,Not Changed,269.11325,1.241,RP,[M + H]+,C12H16N2O5,Carboxylic acids and derivatives,0.9999942779541016,Dipeptides,0.9998879432678224,seryltyrosine,0.7154630318217314
RP_12527,Unknown,Not Changed,273.08902,1.09,RP,[M + H]+,C12H17O5P,NA,NA,NA,NA,NA,NA
RP_13205,Unknown,Not Changed,279.1705,3.859,RP,[M + H]+,C15H22N2O3,Carboxylic acids and derivatives,0.9999994039535522,Dipeptides,0.9999232292175292,isoleucylphenylalanine,0.23245354393197898
RP_13590,Unknown,Not Changed,284.09918,1.171,RP,[M + H]+,C10H13N5O5,Purine nucleosides,0.9995967745780944,Purine nucleosides,0.9995967745780944,Guanosin,0.40551474786562364
RP_1379,Unknown,Not Changed,120.08104,1.157,RP,[M + H]+,C8H9N,Indoles and derivatives,0.8950149416923523,Indolines,0.927497148513794,Indoline,0.31758173408538504
RP_14640,Methylthioadenosine,Not Changed,298.09698,2.297,RP,[M + H]+,C11H15N5O3S,5'-deoxyribonucleosides,1,5'-deoxy-5'-thionucleosides,0.996195673942566,Vitamin L2,0.6376819140867096
RP_1634,Unknown,Not Changed,127.05042,1.446,RP,[M + H]+,C5H6N2O2,Diazines,0.7123780250549316,Pyrimidones,0.7015169262886047,thymine,0.3588902216256368
RP_1937,Unknown,Not Changed,136.06187,1.093,RP,[M + H]+,C5H5N5,Imidazopyrimidines,0.6022182106971741,Imidazopyrimidines,0.6022182106971741,adenine,0.48205635535143726
RP_1964,Unknown,Not Changed,137.04588,1.118,RP,[M + H]+,C5H4N4O,Imidazopyrimidines,0.99631929397583,6-oxopurines,0.8833584785461426,Sarcine,0.1654502542927876
RP_1965,Unknown,Not Changed,137.04591,1.317,RP,[M + H]+,C5H4N4O,Imidazopyrimidines,0.99631929397583,6-oxopurines,0.8833584785461426,Sarcine,0.1654502542927876
RP_2980,Unknown,Not Changed,152.05673,1.425,RP,[M + H]+,C5H5N5O,Imidazopyrimidines,0.9999173879623412,Purinones,0.847112238407135,Dew Pearl,0.4393526323878295
RP_2981,Unknown,Not Changed,152.05678,1.17,RP,[M + H]+,C5H5N5O,Imidazopyrimidines,0.9999173879623412,Purinones,0.847112238407135,Dew Pearl,0.4393526323878295
RP_3769,Unknown,Decreased,164.05664,1.168,RP,[M + H]+,C6H5N5O,Pteridines and derivatives,0.9925922155380248,Pterins and derivatives,0.8021960258483887,Pterine,0.3741476224763264
RP_3959,Phenylalanine,Not Changed,166.08627,1.157,RP,[M + H3N + H]+,C9H8O2,Carboxylic acids and derivatives,0.9878165125846864,Phenylalanine and derivatives,0.771405041217804,Sabiden,0.4646897302443787
RP_5098,Unknown,Decreased,182.06717,1.302,RP,[M + H]+,C6H7N5O2,Diazines,0.993374526500702,Aminopyrimidines and derivatives,0.853400707244873,null,0.10955294530151945
RP_5356,Unknown,Decreased,186.03874,1.168,RP,[M + Na]+,C6H5N5O,NA,NA,NA,NA,NA,NA
RP_5674,Unknown,Decreased,188.07063,2.023,RP,[M + H]+,C11H9NO2,Indoles and derivatives,0.6298712491989136,Indoles,0.7563761472702026,3-indoleacrylate,0.15267576942692354
RP_5998,Unknown,Not Changed,194.06735,1.739,RP,[M + H]+,C7H7N5O2,Pteridines and derivatives,0.9912288188934326,Pterins and derivatives,0.9435208439826964,3-methyl isoxanthopterin,0.04578450501232379
RP_6193,Unknown,Decreased,196.0831,1.672,RP,[M + H]+,C7H9N5O2,Imidazopyrimidines,0.9997583031654358,Hypoxanthines,0.8353051543235779,null,0.1483908555794939
RP_6338,Unknown,Decreased,198.06224,1.305,RP,[M + H]+,C6H7N5O3,Diazines,0.996182143688202,Aminopyrimidines and derivatives,0.9501804113388062,null,0.3853327865916189
RP_6755,Unknown,Not Changed,203.13907,1.124,RP,[M + H]+,C9H18N2O3,Carboxylic acids and derivatives,0.9999995231628418,Dipeptides,0.9973714351654052,alanylleucine,0.5372659035446773
RP_6755,Unknown,Not Changed,203.13907,1.124,RP,[M + H]+,C9H18N2O3,Carboxylic acids and derivatives,0.9999996423721312,Dipeptides,0.9999264478683472,alanylisoleucine,0.13652551416213854
RP_6755,Unknown,Not Changed,203.13907,1.124,RP,[M + H]+,C9H18N2O3,Carboxylic acids and derivatives,0.999996542930603,Dipeptides,0.9999487400054932,isoleucylalanine,0.16878523229172135
RP_6828,Tryptophan,Not Changed,205.09718,2.023,RP,[M + H3N + H]+,C11H9NO2,Carboxylic acids and derivatives,0.9999308586120604,Alpha amino acids,0.9858320951461792,Pacitron,0.5047014437199252
RP_8545,Unknown,Decreased,221.06693,2.557,RP,[M + H]+,C9H8N4O3,Diazines,0.9799704551696776,Pyrimidones,0.9536821246147156,null,0.28785531268318004
RP_8661,Unknown,Decreased,222.09846,3.413,RP,[M + H]+,C9H11N5O2,Pteridines and derivatives,0.9958451390266418,Pterins and derivatives,0.9879427552223206,Isosepiapterin,0.21255932354218826
RP_8858,Unknown,Not Changed,223.0826,2.481,RP,[M + H]+,C9H10N4O3,Imidazopyrimidines,0.8094884157180786,Xanthines,0.7241684198379517,null,0.13737648545238085
RP_8868,Unknown,Not Changed,223.10771,1.567,RP,[M + H]+,C11H14N2O3,Carboxylic acids and derivatives,0.9999997615814208,Dipeptides,0.9985561966896056,Maybridge1_006768,0.879162783739805
RP_9545,Unknown,Not Changed,231.17056,1.42,RP,[M + H]+,C11H22N2O3,Carboxylic acids and derivatives,0.9999990463256836,Dipeptides,0.999948501586914,Valylleucine,0.2239186287476859
RP_9939,Unknown,Not Changed,237.12331,1.679,RP,[M + H]+,C12H16N2O3,Carboxylic acids and derivatives,0.999998927116394,Dipeptides,0.9928066730499268,Spectrum_000420,0.7700924104344772
