MF,Name,mean.log2.fc,p,signif,bact.cor.pearson,bactlm.p.adj
HNeg_1013,Unknown,0.9583136387204663,0.0114,TRUE,0.8027766788126857,2.300912041272231e-12
HNeg_1041,Unknown,-0.6506247416900492,0.0779,FALSE,-0.22892882289004157,0.12327705007400165
HNeg_1104,Unknown,0.8086022093755587,5.88e-4,TRUE,0.3003664616599633,0.0038709214834476923
HNeg_1107,Unknown,1.0145986871478048,0.00926,TRUE,0.28077236541478,0.056905494491240896
HNeg_1113,Unknown,0.760283484860452,0.0572,FALSE,0.7764318055074084,3.7855544266502864e-11
HNeg_1114,Unknown,-0.20643281014523265,0.209,FALSE,-0.4395941702356337,0.002274156655299802
HNeg_1179,Unknown,-1.4580395808725302,0.248,FALSE,0.33048807112341144,0.027034981880676254
HNeg_1191,Unknown,-1.0640806620612484,8.04e-5,TRUE,-0.27780952302961814,0.05931923153294839
HNeg_1234,Unknown,-0.13892127422425377,0.668,FALSE,-0.467037272684124,0.0010605764278080725
HNeg_1264,Unknown,0.5917588738256905,0.179,FALSE,0.3240089008412971,0.0017590130550091303
HNeg_1277,Unknown,0.978010378759619,0.0261,TRUE,0.5817726416451815,1.616603761030398e-5
HNeg_1293,Unknown,-2.031244234235432,0.00888,TRUE,-0.09304251698030198,0.5552787997922027
HNeg_1299,Unknown,0.5475587715130092,0.353,FALSE,-0.403830657821965,0.005736236485384234
HNeg_1315,Unknown,1.851970401509414,0.00602,TRUE,0.5569347975960902,4.834943454626929e-5
HNeg_1352,Unknown,0.7706694704682584,0.11,FALSE,0.29617738800139426,0.047012183171236746
HNeg_1353,Unknown,0.7918973891888281,0.06,FALSE,0.32962511560947255,0.027473002184338673
HNeg_1356,Unknown,-0.8042260452312174,0.282,FALSE,-0.10772838203277733,0.48939192017846794
HNeg_1383,Unknown,-0.5889549239526951,0.00473,TRUE,-0.47408538452071364,8.757872380022263e-4
HNeg_1436,Unknown,1.4679027232163533,0.0142,TRUE,-0.2502408296413493,0.08961536377931335
HNeg_1473,Unknown,1.9253494242691007,0.00616,TRUE,-0.08996117811530845,0.5665664758617737
HNeg_1494,Unknown,1.4450787505453373,0.0228,TRUE,-0.3632135844926505,0.014719860892251767
HNeg_1552,Unknown,-2.016747259743933,0.104,FALSE,0.22945486226001552,0.12250199130664238
HNeg_1559,Unknown,0.9422579153053935,0.343,FALSE,-0.2201507689795227,0.13847150578925455
HNeg_1671,Unknown,1.1400081769416623,0.0223,TRUE,-0.030657411921988897,0.8608453464150991
HNeg_1712,Unknown,1.4114225855249045,0.00878,TRUE,0.21924838233393162,0.13983680569222404
HNeg_1744,Unknown,-0.09795862493554805,0.701,FALSE,-0.14581962322880723,0.33818339823181853
HNeg_1770,Unknown,-2.164247365872603,0.0273,TRUE,-0.027650592067498307,0.8761289567470505
HNeg_1811,Unknown,1.4894339026487355,0.0358,TRUE,-0.05425833384503243,0.747196144021459
HNeg_1813,Unknown,-4.884570456782966,0.103,FALSE,-0.45565705789771593,0.0015326051969454695
HNeg_1828,Unknown,1.4154624580380557,0.00934,TRUE,-0.052140192104030036,0.7545076246643346
HNeg_1840,Unknown,3.3982185024634775,0.16,FALSE,0.5082048461977807,2.960513706940744e-4
HNeg_1877,Unknown,2.6413585832973716,0.0499,TRUE,0.28707669475933223,0.006072649795681933
HNeg_1878,Unknown,-1.322890524662332,0.118,FALSE,-0.06870427197602927,0.6706992966173955
HNeg_1884,Unknown,0.38167574739371324,0.376,FALSE,0.5984098161225169,7.338650362918595e-6
HNeg_1932,Unknown,0.007495454205096412,0.978,FALSE,0.3350641986937858,0.025677491475135327
HNeg_1963,Thymidine,1.2211698785232419,0.00233,TRUE,0.3802745833318819,0.010106124394868547
HNeg_1978,Unknown,0.28408383175299645,0.563,FALSE,0.6323978768886942,1.3015594864722663e-6
HNeg_1982,Uridine,0.367695876916237,0.047,TRUE,0.4278829781028816,0.0030851611729989744
HNeg_1987,Unknown,0.33811399423756355,0.355,FALSE,-0.31820760865893777,0.03411365987299156
HNeg_2000,Unknown,1.5689130111789937,0.19,FALSE,0.2155302474793436,0.14691934338155727
HNeg_2003,Unknown,0.918911477240001,0.108,FALSE,0.30007013774876384,0.04467484833658545
HNeg_2005,Unknown,0.9582773729236533,0.00584,TRUE,0.38020472515072606,0.010106124394868547
HNeg_2010,Unknown,-0.345767486031834,0.236,FALSE,-0.349846500226188,0.019615151148688222
HNeg_2021,Unknown,1.4756808962978165,0.0106,TRUE,0.3016980149445566,0.04372672299027572
HNeg_2041,Unknown,-2.5534505032914194,0.00242,TRUE,-0.20433558566197024,0.17125603914951507
HNeg_2064,Unknown,-1.316017031137671,0.113,FALSE,-0.016721346692859018,0.9239572352265005
HNeg_2071,Unknown,0.307959706541713,0.711,FALSE,-0.019289911242597314,0.9161088900935107
HNeg_2101,Unknown,1.4249667414564122,0.00256,TRUE,0.02364845635528355,0.8943503260067954
HNeg_2117,D-Fructose 6-phosphate,-0.30384471572570726,0.163,FALSE,0.22736877603557967,0.1261577883516654
HNeg_2138,Unknown,0.2607606516428701,0.639,FALSE,0.2503353419083008,0.08961536377931335
HNeg_2158,Unknown,-2.3860578214174755,0.267,FALSE,0.018328759564610334,0.9173470009091732
HNeg_2171,Unknown,-0.8642453421517512,0.00395,TRUE,-0.4825920842489885,6.837388160343294e-4
HNeg_2173,Inosine,0.9949560865669954,0.0043,TRUE,0.5505081079165796,6.198770595954995e-5
HNeg_2184,Unknown,-4.880659118913714,0.0803,FALSE,-0.34885637162575284,0.019845934746371738
HNeg_2187,Unknown,1.174823415304848,0.192,FALSE,0.08826227724459396,0.5725585457489586
HNeg_2210,Unknown,0.5672283490980965,0.379,FALSE,0.31288632740776956,0.03690201268410697
HNeg_2224,Unknown,0.9571139026777817,0.0517,FALSE,0.7005947534058814,2.0347661326956824e-8
HNeg_2231,Unknown,-0.48490431305811005,0.159,FALSE,-0.10305424444820988,0.5110824286223543
HNeg_2235,Unknown,-2.9997086454133175,0.214,FALSE,0.2425924563778709,0.10135261898381656
HNeg_2268,Unknown,2.0805354103138036,0.197,FALSE,0.3653768540000852,0.014152659313347197
HNeg_2270,Unknown,1.2995702704128727,0.0869,FALSE,0.11233718569306998,0.4746414001447356
HNeg_2288,Unknown,1.51510054771924,0.0931,FALSE,0.5071413977378116,3.0526427703158644e-4
HNeg_2302,Unknown,-0.41129046236841277,0.0722,FALSE,-0.17878468821740076,0.23535764477931678
HNeg_2311,Unknown,-1.0775833727732613,0.0159,TRUE,-0.47535738648200815,8.492836346940035e-4
HNeg_2379,Unknown,1.6101019709440743,0.00952,TRUE,0.46882885582670164,0.0010243092284713444
HNeg_2392,Unknown,1.199907999393127,0.018,TRUE,0.44061908581098846,0.0022137717184004444
HNeg_2401,Unknown,3.5638545703444473,8.6e-6,TRUE,0.5968731860609402,7.750538111729284e-6
HNeg_2406,Unknown,-1.1569287734305271,5.78e-5,TRUE,-0.030732967294302364,0.7924744835849807
HNeg_2409,Unknown,1.1070428419586156,0.00169,TRUE,0.5448812097849288,7.481162662614828e-5
HNeg_2427,Unknown,1.34558770988041,0.0018600000000000001,TRUE,0.5485965078185836,6.540402884847149e-5
HNeg_2428,Unknown,-1.5828473244888681,5.7e-6,TRUE,-0.11389266109038745,0.2823480390304651
HNeg_2429,Unknown,-0.2664070573221987,0.545,FALSE,-0.2665577515046896,0.069735136929033
HNeg_2488,Unknown,-0.755361348314155,0.0051,TRUE,-0.2699433288367706,0.06579357556447785
HNeg_2495,Unknown,2.5003772702874016,0.00306,TRUE,-0.2072923481208131,0.1652416277488738
HNeg_2505,Unknown,0.9043458067097847,0.0033,TRUE,0.44634120810311756,0.0019356397851380358
HNeg_2525,Unknown,0.9185769155846136,0.00297,TRUE,0.44626674936317884,0.0019356397851380358
HNeg_2527,Unknown,1.6868743922980476,0.00696,TRUE,0.4253826610165836,0.0032882866244377707
HNeg_2542,Unknown,0.2985399249436963,0.109,FALSE,0.27324628056802214,0.06301085820306132
HNeg_2543,Unknown,-1.2782356553928116,0.0183,TRUE,0.11019296527853963,0.48075925254545393
HNeg_2550,Unknown,0.2874383922563316,0.11,FALSE,0.28826783048252874,0.05212349595460154
HNeg_2624,Unknown,3.646605230301202,0.103,FALSE,0.6486877335008647,4.960640180074186e-7
HNeg_2634,Trehalose,0.9704798183936588,0.00525,TRUE,0.650220710169376,4.5776133241395057e-7
HNeg_2635,Sucrose,-1.1561085942897211,6.72e-6,TRUE,-0.2925625707998322,0.0050711950398701355
HNeg_2704,Unknown,0.280117271438049,0.883,FALSE,0.6930178735006178,3.3624826192244585e-8
HNeg_2736,Unknown,-1.5467621860625362,0.027,TRUE,-0.3174891797025298,0.034300329487165285
HNeg_2776,Unknown,0.6453914463268523,0.174,FALSE,-0.29473485454585635,0.04765345367268042
HNeg_2778,Unknown,-1.1847670204180065,0.0033,TRUE,-0.3306956175727759,0.027034981880676254
HNeg_2798,Unknown,0.8505591778235605,0.105,FALSE,-0.3074136365102546,0.040410589103663484
HNeg_2805,Unknown,0.6842232071224371,0.163,FALSE,-0.4171334806126917,0.004115176689996976
HNeg_2810,Unknown,-1.7489835980481714,4.43e-4,TRUE,-0.19144445624885725,0.06475972328307959
HNeg_2823,Unknown,0.7800448141862075,0.189,FALSE,-0.33080748392893583,0.027034981880676254
HNeg_2873,Unknown,-0.939167460905888,0.0115,TRUE,-0.27308587922101657,0.06301085820306132
HNeg_2894,Unknown,-2.7559704947078996,0.00482,TRUE,-0.25822285602865636,0.07944672376501985
HNeg_2895,Unknown,-1.2013401040959037,0.00816,TRUE,-0.31149071059096245,0.03790168523026244
HNeg_2905,Unknown,-1.7261663194678978,0.00605,TRUE,-0.29794487586697344,0.04569653409571874
HNeg_2959,Unknown,-0.5152250277977244,0.329,FALSE,-0.4391468005263347,0.002293440507179141
HNeg_2973,Unknown,-3.324690109406763,0.0219,TRUE,-0.25844913766889877,0.014719860892251767
HNeg_3035,Unknown,0.5378324428995823,0.121,FALSE,0.4263569563824885,0.0032156558747942644
HNeg_3041,Unknown,-0.5006837757800695,0.0378,TRUE,-0.40598213342170003,0.005453444702197487
HNeg_3100,Unknown,-3.6760948624654897,0.139,FALSE,-0.2833268780435204,0.05531031935150553
HNeg_3111,Unknown,-8.256929975630378,0.0251,TRUE,-0.3098518825408841,0.03874295912427577
HNeg_3117,UDP-N-acetylglucosamine,-0.7217803462045447,0.00486,TRUE,0.008855125769519665,0.9601856269980638
HNeg_345,Unknown,0.08906599595749874,0.63,FALSE,-0.1603284977380978,0.2891095335016416
HNeg_352,Unknown,-0.3902803264474612,0.0124,TRUE,-0.37014823060162305,0.012746283458153197
HNeg_354,Unknown,1.5143629205861413,0.0101,TRUE,-0.05062157939680064,0.7621795040629596
HNeg_361,Unknown,0.6658653487933275,0.043,TRUE,0.22672489086573852,0.12661751197940124
HNeg_408,Unknown,0.39790087565201054,0.0283,TRUE,0.4410813920326674,0.0021941162996952216
HNeg_425,Unknown,0.7254846357362323,0.0236,TRUE,-0.03949070205726819,0.816414675933194
HNeg_545,Unknown,0.2743902611209944,0.443,FALSE,-0.33339309979069437,0.02633548963806126
HNeg_593,Unknown,0.15812284073199706,0.491,FALSE,0.01874087002654545,0.916383817720172
HNeg_599,Unknown,0.968983099325208,0.124,FALSE,0.21619666429738252,0.1460430385446155
HNeg_604,Unknown,0.7375328389929677,0.412,FALSE,-0.25980483166765367,0.0777721522006957
HNeg_609,"Taurine, 2H4",-0.34857517601012417,0.0185,TRUE,-0.3110003956232167,0.03817626524970616
HNeg_611,Unknown,1.7481173588611936,0.00122,TRUE,0.059661584732948705,0.7192607520417298
HNeg_631,Unknown,0.9580100351091555,0.0336,TRUE,0.4064300221564898,0.0054319152646016364
HNeg_647,Unknown,-1.440633893072283,7.42e-5,TRUE,-0.20658576553444666,0.16664954973273366
HNeg_651,Unknown,-0.6594692222109395,0.00115,TRUE,-0.21324816237594435,0.043764576685453
HNeg_682,Unknown,0.06631397613724563,0.606,FALSE,0.16436389380196645,0.115816950009356
HNeg_785,Unknown,1.0665061984140054,0.00259,TRUE,0.8335868189714711,6.168870169399836e-14
HNeg_787,Unknown,1.8528087858816116,0.00121,TRUE,0.11158206617355411,0.4765808490696001
HNeg_793,Unknown,0.962035114956171,0.143,FALSE,0.08418005570568782,0.5903282858542084
HNeg_818,Unknown,0.9954595283990436,0.304,FALSE,0.47928179711702706,7.543765643858693e-4
HNeg_824,Unknown,0.3354229598206858,0.23,FALSE,0.19742634435712605,0.18641798257018885
HNeg_830,Unknown,-0.38287640674433404,0.014,TRUE,-0.3532192733860241,0.01836969257514438
HNeg_847,Unknown,-3.0760282148362017,0.155,FALSE,-0.22181581975757753,0.13546489012863186
HNeg_928,Unknown,-0.4613095458997173,0.0425,TRUE,-0.3723189165077684,0.012103120133563376
HNeg_953,Unknown,1.7908539379044046,0.00369,TRUE,0.5316170456531597,1.2291892906615383e-4
HNeg_sky1,2-Ketoglutaric acid,0.07989664628248579,0.758,FALSE,0.453626651945529,0.001629386368583636
HNeg_sky11,D-Gluconic acid,0.5866929160291291,0.0978,FALSE,0.3918197695726394,0.007730761010625448
HNeg_sky19,L-Cysteic acid,0.7511698674525977,0.0574,FALSE,0.7760245482207442,3.7855544266502864e-11
HNeg_sky22,N-Acetyl-L-glutamic acid,-0.07386113872361846,0.749,FALSE,-0.1039390980222885,0.5075210728283919
HNeg_sky27,Succinic acid,0.40303713454709694,0.0712,FALSE,-0.14365015404787204,0.34500909553245235
HNeg_sky32,Taurine,0.954808885068158,0.114,FALSE,0.3648832450986901,0.014269055194163282
HNeg_sky34,Threonic acid,-0.2800460857044411,0.375,FALSE,0.3144881260663114,0.03576405235183704
HNeg_sky36,Thymine,1.5558939387454152,0.00178,TRUE,0.45095911160617486,0.0017569630617573636
HNeg_sky6,Adenosine monophosphate,-2.3755240390923418,0.0046,TRUE,0.15531595681962038,0.30662875127909966
HPos_1006,Unknown,0.8926920138497882,0.00633,TRUE,0.6057120638731965,5.3214776297410715e-6
HPos_1007,Hypoxanthine,2.02793392741723,1.26e-4,TRUE,0.6716226060167259,1.3657642992172644e-7
HPos_1022,Trigonelline,0.3246087190160662,0.122,FALSE,0.27816414818316826,0.008140887317179872
HPos_108,Glycine,0.05956109807708075,0.62,FALSE,0.28104018457902524,0.056905494491240896
HPos_1147,Unknown,1.007174434196638,0.00753,TRUE,0.8185611988762961,4.211586673276703e-13
HPos_1148,Unknown,0.9830537770385641,0.0112,TRUE,0.7391016620728565,1.04877047229771e-9
HPos_1152,Unknown,1.1333370565639482,0.00425,TRUE,0.8332783271370818,6.168870169399836e-14
HPos_1157,Ectoine,1.0107566231786267,1.73e-5,TRUE,0.8476466554506985,8.170005384314625e-30
HPos_1181,Unknown,1.1719027306245595,0.00349,TRUE,0.8380835914838257,3.792752822600189e-14
HPos_1183,Unknown,0.9825271648910359,0.00892,TRUE,0.8158782357991206,5.567875466210353e-13
HPos_1184,Unknown,0.8246306171066601,0.00872,TRUE,0.4943956819920941,4.6667180022639957e-4
HPos_1209,Unknown,-1.1921280003853882,0.00114,TRUE,-0.2815463882075272,0.05678643185651266
HPos_1227,Unknown,0.3806890455349465,0.179,FALSE,0.2527182525578501,0.08656584060270255
HPos_1230,(3-Carboxypropyl)trimethylammonium,0.6755747863641709,0.0269,TRUE,7.438220968963025e-4,0.995618584881043
HPos_1239,Unknown,-0.3402963650066239,0.286,FALSE,0.3175536762149719,0.034300329487165285
HPos_1241,L-Glutamine,0.21367811773312104,0.225,FALSE,0.2008450465010453,0.05464341622585368
HPos_1251,L-Lysine,0.5314262515390753,0.00336,TRUE,0.29053683055541407,0.05072097886019976
HPos_1256,Unknown,-0.7960022913954427,0.00579,TRUE,-0.25956351708131875,0.07792257264677026
HPos_1261,Unknown,0.26803597144457764,0.547,FALSE,0.3052696414830831,0.04174298475976129
HPos_1263,Unknown,-0.4812416729616262,0.00724,TRUE,-0.2751767448026756,0.061427991802013714
HPos_1282,Unknown,-0.6340062592879118,0.0577,FALSE,-0.16840848502658462,0.26586605884705944
HPos_1283,Unknown,-0.7799302949683248,0.0436,TRUE,-0.16279518484582703,0.2813005197692792
HPos_1321,Unknown,0.7197039989150609,0.136,FALSE,-0.020326097979150297,0.911377346356284
HPos_1336,Unknown,2.056636815515842,9.93e-4,TRUE,0.5997922806113563,6.913050059485085e-6
HPos_1338,Unknown,0.4441108012043767,0.0323,TRUE,0.3317573660130993,0.027034981880676254
HPos_137,Unknown,-0.2826356126197224,0.0801,FALSE,-0.1146261512316421,0.4643163966424656
HPos_1381,Unknown,-1.205051087182784,9.07e-4,TRUE,-0.13138620488591785,0.3951890127977549
HPos_1393,Unknown,0.7167609293400881,0.00895,TRUE,0.6641549685150152,2.0935720178650524e-7
HPos_1396,Unknown,-1.081756355787028,0.0264,TRUE,-0.087023186759189,0.5771272146741817
HPos_1400,Unknown,0.33055246222715634,0.0686,FALSE,0.16634876731929812,0.271655583454584
HPos_1419,L-Histidine,0.2695808217560636,0.0816,FALSE,0.298342867938264,0.004128810917363283
HPos_1446,Unknown,1.2235160887044265,4.54e-7,TRUE,0.474450484653662,9.735479474869716e-7
HPos_145,Unknown,0.514738620913187,0.594,FALSE,-0.16435760505158484,0.27682785971362245
HPos_1479,Unknown,0.2395310929882998,0.251,FALSE,-0.3155021695474633,0.035151319012298995
HPos_1496,5-Hydroxyectoine,-0.001327610909885921,0.998,FALSE,0.27455334126746195,0.06173325554104957
HPos_1519,Betonicine,0.5640426740996068,0.0451,TRUE,0.18746086059173872,0.21138913768122278
HPos_1527,Unknown,0.5948322663104464,0.0219,TRUE,0.7968958391665019,4.1514418156711776e-12
HPos_1537,Unknown,0.9568799414024889,0.00442,TRUE,0.46221558546803077,0.0012355252358293787
HPos_1538,Unknown,0.9838165457963197,3.93e-5,TRUE,0.7830139509014737,2.3945369230338034e-22
HPos_1544,Unknown,1.7654958768350137,0.00765,TRUE,0.5500267190117208,6.198770595954995e-5
HPos_1545,Unknown,1.7174614362213194,0.069,FALSE,0.4735069122399978,8.875479066830128e-4
HPos_1551,Unknown,0.4780920534504281,0.0152,TRUE,0.23909993790550166,0.10630174539606677
HPos_156,Unknown,1.1504204845114183,0.0145,TRUE,0.8942879691986486,1.1553947184104515e-18
HPos_159,Unknown,-1.2635910876937988,5.85e-4,TRUE,-0.21942945004323827,0.1397473335316262
HPos_1631,Unknown,0.8723699333623701,0.00763,TRUE,0.46611660025482676,0.0010875823502683594
HPos_1635,Unknown,0.5920109040942525,0.17,FALSE,0.35652564459895586,0.017004432807923048
HPos_1687,Unknown,0.03488744970696199,0.871,FALSE,-0.030428638945361373,0.8608453464150991
HPos_1701,Unknown,1.062445134807204,0.0347,TRUE,0.7986603932271962,3.6065094333336163e-12
HPos_1726,Unknown,-0.06465310290685444,0.741,FALSE,0.047933784195282235,0.7741456159635901
HPos_1780,Unknown,0.15024373068327232,0.493,FALSE,0.44745582768901426,0.0019175976941248978
HPos_1786,Unknown,0.557640033203487,0.0173,TRUE,0.2312397243693072,0.11950828175029325
HPos_1812,Unknown,-0.08386535169415636,0.702,FALSE,0.19374503838539814,0.1945548786959437
HPos_1848,Arsenobetaine,0.3138741641441357,0.133,FALSE,0.280569238487188,0.056979486660932076
HPos_186,Unknown,1.132670245155576,0.00713,TRUE,0.393905666161657,0.007403759840547839
HPos_187,Unknown,0.6543163063903746,0.0212,TRUE,0.38470003231224603,0.009125928253281335
HPos_1874,Unknown,-1.223591221319927,0.00178,TRUE,-0.28398386748745763,0.0547499603667713
HPos_1925,Unknown,-1.377626530684242,0.00805,TRUE,-0.31773673432341126,0.034300329487165285
HPos_1926,L-Tyrosine,-0.13801520501294276,0.39,FALSE,0.3111621718253275,0.002667486260341796
HPos_1945,Unknown,1.122726811586999,0.00449,TRUE,0.7228564115580919,3.97153709451092e-9
HPos_1966,Unknown,0.596142628394118,0.0861,FALSE,0.7674320304238542,8.641629891625904e-11
HPos_1980,Unknown,0.16912897300923735,0.59,FALSE,-0.02263017797409462,0.8989943673823592
HPos_2034,Unknown,-0.14585702494691147,0.582,FALSE,0.3021584118558817,0.043526421973838304
HPos_2059,Unknown,-0.11007575786971598,0.428,FALSE,0.0039023923682428847,0.9849081914961333
HPos_208,Unknown,0.1612463120494476,0.908,FALSE,0.23471805416416286,0.11361472351436672
HPos_2089,Unknown,0.7726524117968503,0.0494,TRUE,0.7631711945310949,1.190487253255453e-10
HPos_209,Unknown,0.46743833416425434,0.472,FALSE,-0.01717476259987946,0.9227565892550186
HPos_2134,Unknown,0.22316342203427553,0.485,FALSE,-0.3985595466987003,0.0065395535488410724
HPos_2181,Unknown,-1.0984155687174117,0.0453,TRUE,-0.296123190954349,0.047012183171236746
HPos_2225,Unknown,0.5671098520010437,0.0434,TRUE,0.7956809249965019,4.4023569250497335e-12
HPos_2276,Unknown,1.2508121716576994,0.00244,TRUE,0.7965915374719238,4.1514418156711776e-12
HPos_2304,Unknown,-0.03617509774941171,0.865,FALSE,0.5789213538523489,1.817270923289476e-5
HPos_2313,Unknown,-0.8999185925113221,0.0496,TRUE,-0.28642451158018284,0.0528947188355353
HPos_2331,Unknown,0.06651413876983753,0.759,FALSE,0.2996119387412556,0.0448254169757311
HPos_2422,Unknown,0.8156152020816468,0.159,FALSE,0.2697915399920733,0.06581701637979484
HPos_2520,Unknown,-0.22586280428922917,0.537,FALSE,0.3931409547735459,0.007504798150857817
HPos_2531,Unknown,2.293311974505134,0.00238,TRUE,0.6724645545570611,1.3437585246670166e-7
HPos_2568,Unknown,1.4728270751467882,0.0169,TRUE,0.2926376835428643,0.04914772326984715
HPos_257,Sarcosine,0.7228139916215731,0.182,FALSE,0.2881441548431232,0.05212349595460154
HPos_2590,Unknown,0.002492803620763496,0.997,FALSE,0.3058781759175739,0.041343081769596134
HPos_2607,Unknown,-0.007236403359917719,0.984,FALSE,-0.22046416884783462,0.13809348591631004
HPos_261,L-Alanine,0.4036869379981885,0.0331,TRUE,0.3394764960736641,0.0235527365632841
HPos_2613,Unknown,0.9563588588621554,0.218,FALSE,0.29038636064116674,0.05072097886019976
HPos_2625,Unknown,-2.1930673446581768,0.00429,TRUE,-0.1637854315453007,0.2783121871130083
HPos_2655,Unknown,-0.9596924934444759,0.268,FALSE,0.3014013087441707,0.043764576685453
HPos_2669,Unknown,-3.0234936911897674,0.00187,TRUE,-0.050107381868749294,0.763908937408598
HPos_2684,Unknown,-2.0820333452805384,0.0151,TRUE,-0.1208982785768009,0.43934156129298335
HPos_2717,Unknown,0.8705802074553706,0.0783,FALSE,0.2529928876818734,0.08656584060270255
HPos_2809,Unknown,2.5213820835660363,2.49e-4,TRUE,0.5081398514154867,2.960513706940744e-4
HPos_2828,Unknown,0.5263667280946036,0.036,TRUE,0.34141687470067045,0.022825384637334183
HPos_2837,Ergothioneine,0.19122655273317352,0.7,FALSE,0.8109505063953272,8.595249112583499e-13
HPos_2888,Unknown,0.35595055747605076,0.517,FALSE,0.29368994468187093,0.0483921439719681
HPos_2921,Unknown,-0.6078424166894448,0.0442,TRUE,-0.1951530371193171,0.19111753696006042
HPos_2947,Unknown,1.7710232992797093,0.0221,TRUE,0.2809020185129838,0.056905494491240896
HPos_2981,Unknown,-1.2556101116833545,7.89e-4,TRUE,-0.19831753788538417,0.18440043910274773
HPos_3007,Unknown,-1.181397970458296,0.00416,TRUE,-0.24147950374602134,0.10305400293663283
HPos_3067,Cytidine,0.6575589252785666,0.0572,FALSE,0.4749418363273323,8.556948125576252e-4
HPos_3081,Unknown,-3.6139628003436313,0.0155,TRUE,-0.12391426538331955,0.24217395050403442
HPos_3094,Unknown,0.5278392272658725,0.198,FALSE,0.2714381112241679,0.06461425307934003
HPos_3104,Unknown,0.46398863751371605,0.652,FALSE,0.28244740148966474,0.05611895300029018
HPos_3115,Unknown,1.6690480094210476,0.0012,TRUE,0.6588951457252761,2.8052201733394834e-7
HPos_3118,Unknown,0.901480177366903,0.0144,TRUE,0.21584138938404573,0.14653097731991876
HPos_3119,Unknown,0.6808867854115284,0.0775,FALSE,0.37602737164256744,0.011134025350810154
HPos_3134,Unknown,0.44566882930586327,0.155,FALSE,0.7295371844719807,2.306606463328358e-9
HPos_316,Unknown,-1.0543538398129202,9.23e-4,TRUE,-0.295440607556826,0.04725021870086908
HPos_317,Unknown,0.3918202886296861,0.0714,FALSE,-0.10131111806952282,0.518095553821538
HPos_3184,Unknown,-1.826357030565154,0.00118,TRUE,-0.11692161689880724,0.4549352589395054
HPos_3196,Deoxyadenosine,2.2268156457115738,1.75e-7,TRUE,0.4661996563431161,1.649305521295677e-6
HPos_3236,2-O-alpha-D-Glucosylglycerol,1.7380024858397756,5.98e-4,TRUE,0.024902424512931738,0.8882781252941708
HPos_3246,Unknown,-0.004512196729902521,0.981,FALSE,0.29431608757368133,0.047920527062898434
HPos_3291,Unknown,-1.8941285135620762,0.0127,TRUE,-0.11209772038009269,0.4749306677973493
HPos_331,Unknown,0.9565873669384641,0.00457,TRUE,0.8386307266849063,3.792752822600189e-14
HPos_3316,Unknown,0.3055252784704715,0.69,FALSE,0.28763445721275177,0.05221496088900436
HPos_3333,Unknown,1.028709091316889,0.00343,TRUE,0.2619145315318392,0.07521056418087686
HPos_3345,Unknown,-0.8091536082792077,0.682,FALSE,0.4411133583998293,0.0021941162996952216
HPos_3395,Unknown,0.1900898049376131,0.658,FALSE,0.28794537206980153,0.0521836540924992
HPos_34,Unknown,1.0549750824154964,0.00725,TRUE,0.8142090382801688,6.435367291555538e-13
HPos_3429,Adenosine,-0.09593191511168664,0.348,FALSE,0.19238738576583359,0.06349761116644206
HPos_3430,Unknown,3.3073859108670827,5.74e-5,TRUE,0.6061262320933977,5.278828325668969e-6
HPos_3451,Unknown,-1.3613803323075437,0.00293,TRUE,0.2023798303986115,0.17518248922899313
HPos_3452,Unknown,0.9211845552552309,0.0268,TRUE,0.6040394968253373,5.662471869813164e-6
HPos_3453,Unknown,-0.10971042008554802,0.478,FALSE,0.1932545770775714,0.19551975264321597
HPos_3464,Unknown,0.5089164830161655,0.256,FALSE,0.10228984909609383,0.5140377013102939
HPos_3468,Unknown,-0.2657357855618531,0.304,FALSE,0.20543467035221794,0.169190849364837
HPos_3495,Unknown,1.7049239150596962,4.03e-7,TRUE,0.023784659744980653,0.8421574808058854
HPos_353,Unknown,1.3993278179638107,0.00225,TRUE,0.5501796262748151,6.198770595954995e-5
HPos_3535,Unknown,0.5465808185873762,0.166,FALSE,0.30697053854871964,0.0030810594209322033
HPos_3536,Unknown,0.9240013826221767,0.0244,TRUE,0.2958299398008694,0.04715440603308328
HPos_3537,Unknown,1.123856483445397,0.0676,FALSE,0.32683630289995796,0.02895340453032855
HPos_3551,Unknown,-0.46192791143647843,0.153,FALSE,0.16530922072716187,0.2740045279002441
HPos_3563,Unknown,-0.7868186107929827,0.00286,TRUE,-0.08256284867407415,0.5980287204299805
HPos_3571,Unknown,1.5194802090716364,0.00632,TRUE,0.05234039362682219,0.7545076246643346
HPos_3580,Unknown,0.8811970990202164,0.00586,TRUE,0.38195852998999097,0.009733058340576662
HPos_3581,Unknown,1.6104920805560194,2.1e-6,TRUE,0.025223666923714767,0.832638727049489
HPos_3620,Unknown,0.3206547416282148,0.543,FALSE,0.3020677832954793,0.043526421973838304
HPos_3621,Unknown,1.5854552051361226,0.0127,TRUE,0.44693465949800093,0.0019175976941248978
HPos_3641,Unknown,1.1081679302337353,0.0431,TRUE,0.3169720568544092,0.034572599288822725
HPos_3670,Guanosine,0.34738160126448936,0.0778,FALSE,0.5371752816067062,1.0168069346446658e-4
HPos_3675,Unknown,-0.18332560718699473,0.799,FALSE,0.3155637787227,0.035151319012298995
HPos_37,Unknown,1.0549750920732,0.00725,TRUE,0.8112972012272892,8.595249112583499e-13
HPos_3701,Unknown,-1.0555626505451081,0.00563,TRUE,-0.32459619644706783,0.03002258441680688
HPos_3732,Unknown,1.1324721924226013,0.00862,TRUE,0.29117472750053636,0.050327534994789695
HPos_3746,Unknown,-1.5850748632741947,0.0097,TRUE,-0.27579698878462694,0.060860700359258904
HPos_3766,Unknown,0.2390351797822918,0.73,FALSE,0.3049113771973536,0.04192495184135802
HPos_38,Unknown,-1.2082291235451967,0.00111,TRUE,-0.2778664805705122,0.05931923153294839
HPos_3810,Unknown,0.8526197600010244,0.00125,TRUE,-0.22696584608030201,0.12640985376064137
HPos_3844,Unknown,-1.0111776188258814,0.00165,TRUE,-0.2560825891038816,0.08216342999532315
HPos_3849,Unknown,0.9352239926944347,0.0246,TRUE,0.31871054889684003,0.03385564246135745
HPos_3851,Unknown,-2.523083103455332,0.225,FALSE,-0.006912233866121061,0.9695620015942094
HPos_3881,Unknown,1.3873791298290301,0.00439,TRUE,0.4337393035949156,0.002667486260341796
HPos_3893,Unknown,-0.8014858196538743,0.636,FALSE,0.5465113120272012,7.103908906020461e-5
HPos_3926,Unknown,1.0798041948550445,0.148,FALSE,0.010899005997720392,0.9495630257568657
HPos_3965,Unknown,-0.05118858650519448,0.937,FALSE,-0.2748491291750019,0.06165465185467718
HPos_3967,Unknown,0.8937248785275438,0.0219,TRUE,0.5771619937898433,1.9348076910776588e-5
HPos_3982,Unknown,-1.6522140210642866,0.0111,TRUE,-0.2877225018847147,0.05221496088900436
HPos_3985,Unknown,-1.8896664690615579,0.00816,TRUE,-0.20891913596762118,0.16157153412018027
HPos_3993,Unknown,0.7036562889531839,0.112,FALSE,-0.48241061541044167,6.837388160343294e-4
HPos_4022,Unknown,2.7875908605845954,0.00349,TRUE,0.6513586438323563,4.4052915931205483e-7
HPos_4027,Unknown,1.1418124659008653,0.189,FALSE,0.4059407709886859,0.005453444702197487
HPos_4072,Unknown,-1.2548369712652099,0.0363,TRUE,-0.2967197474888589,0.046719845523612615
HPos_4105,Unknown,1.2617448808834795,0.0068,TRUE,0.015166404284348197,0.9317490908527806
HPos_4135,Unknown,-0.9087680016831386,0.0189,TRUE,-0.3287758832807792,0.027908292973938046
HPos_4168,Unknown,0.41850119791703655,0.431,FALSE,0.4532916318136426,0.0016368317362838113
HPos_418,Unknown,0.6040430788917472,0.428,FALSE,-0.11027520916594977,0.48075925254545393
HPos_4203,Unknown,-1.2564164570967162,0.00204,TRUE,-0.2513850413282767,0.08824893614514571
HPos_4212,Unknown,-1.3356052954318098,0.235,FALSE,0.3787220651697385,0.010416620558256477
HPos_4322,Unknown,1.372367166107215,5.94e-4,TRUE,0.4992971875241202,4.035129072611971e-4
HPos_4328,Unknown,-0.3002610563456216,0.631,FALSE,0.33372340132170397,0.02623410453789451
HPos_4370,Unknown,0.3929242604904849,0.223,FALSE,0.3158060945109028,0.035151319012298995
HPos_4371,Unknown,-1.8944373720325238,0.023,TRUE,0.09951498656269495,0.525414667868911
HPos_4383,Unknown,0.8030395540168138,0.0107,TRUE,0.5510514159309418,6.181961223272032e-5
HPos_4445,Unknown,1.3451725936596646,0.00554,TRUE,0.5154523343116555,2.2709139107100393e-4
HPos_4465,Unknown,-1.3053261543398014,0.00121,TRUE,0.15453623678250092,0.308993290287416
HPos_4578,Unknown,0.8595906692634823,0.275,FALSE,0.35293976335651145,0.018418794407671628
HPos_4606,Unknown,-1.0865841165516295,0.00172,TRUE,-0.2612019015810898,0.07600788592144833
HPos_4612,Unknown,0.7020418245556352,0.184,FALSE,-0.3060536688078584,0.04132269155919166
HPos_4662,Unknown,1.0867820942919406,0.00562,TRUE,0.443822354930074,0.0020450145429024933
HPos_4776,Unknown,-3.815762810424078,0.278,FALSE,0.2570862493415363,0.08089280515508109
HPos_4871,Unknown,0.7805796560222437,0.413,FALSE,-0.11473760528662144,0.4643163966424656
HPos_4873,Unknown,0.8139467029358627,0.0109,TRUE,0.19659782077849128,0.188279019383991
HPos_4889,Unknown,-1.261947574531332,0.0436,TRUE,-0.2014192070976992,0.17731238680458586
HPos_4890,Unknown,-1.3498206980809628,0.00775,TRUE,-0.19512804739039574,0.19111753696006042
HPos_4949,Unknown,1.066641771847058,0.314,FALSE,0.20391550977371106,0.17196270071171382
HPos_4951,Unknown,0.6648447073674023,0.113,FALSE,-0.3239639294562132,0.03034419921907975
HPos_4972,Unknown,-0.044865599259357174,0.84,FALSE,-0.110012568372293,0.48075925254545393
HPos_5017,Unknown,-2.9840678301131485,0.0139,TRUE,-0.08833916818489629,0.5725585457489586
HPos_5049,Unknown,-6.015625873730013,0.0355,TRUE,-0.298934728597638,0.04518129513317771
HPos_506,Unknown,-1.378536948345893,0.00491,TRUE,-0.27913556411151413,0.05812403529381137
HPos_5088,Unknown,1.537379141562928,0.00702,TRUE,0.43120536741083726,0.0028301875859434986
HPos_5172,Unknown,-4.742555632554229,0.0335,TRUE,-0.3493660169224307,0.019704055777655202
HPos_5187,Unknown,1.3291031393170203,0.0215,TRUE,0.4716603773745991,9.406438072477604e-4
HPos_5203,Unknown,2.5092009994314854,0.167,FALSE,0.6650462106661807,2.0103818843276575e-7
HPos_5231,Unknown,0.9881128241907815,0.00559,TRUE,0.15086264446393455,0.3207153805830785
HPos_5242,Unknown,-1.872707997776567,0.015,TRUE,-0.0907180553229244,0.5642771551909571
HPos_5257,Unknown,1.218320039526927,7.56e-4,TRUE,0.0640171595528009,0.6959513403301247
HPos_5283,Unknown,-1.6881712723782163,4.35e-5,TRUE,-0.22399019153414898,0.035086542233957053
HPos_5312,Unknown,-0.09967040144738605,0.815,FALSE,-0.1755560139747116,0.24483781879059732
HPos_5364,Unknown,0.9523736237223843,0.0208,TRUE,0.7637532347079208,1.1650828409920794e-10
HPos_5397,Unknown,0.5946690580768883,0.0051,TRUE,0.670860740905921,1.410237689819212e-7
HPos_5453,Unknown,0.3628044285936889,0.2,FALSE,0.33769680077224307,0.024289652976062445
HPos_556,Cytosine,1.5950632520746297,0.00345,TRUE,0.5757361554311787,2.050584389228269e-5
HPos_557,Unknown,0.6778504074200378,0.0485,TRUE,0.4801484716777966,7.366353317848995e-4
HPos_5642,Unknown,6.626553664391923,0.0133,TRUE,0.49756801932999856,4.2397996958290555e-4
HPos_5707,Unknown,-0.16202122582962317,0.677,FALSE,0.3407236084766509,0.023036589551001258
HPos_5725,Unknown,-0.5696713408494091,0.137,FALSE,0.5589705783410974,4.451702923818019e-5
HPos_5729,Unknown,0.7169999924947641,0.00512,TRUE,0.09525950923326622,0.5446058785514987
HPos_578,Unknown,0.42631960605972363,0.0528,FALSE,0.23929349853323117,0.10620149706897496
HPos_5789,Unknown,-2.4957314733205767,0.00979,TRUE,-0.3418843222873719,0.02279692581026525
HPos_5824,Unknown,3.374067238771185,4.19e-4,TRUE,0.4672697746267036,0.00105925121456844
HPos_5878,Unknown,-0.28110389766187033,0.693,FALSE,0.0020336415126250645,0.9896073113755192
HPos_5924,Unknown,0.9256367786292401,0.0201,TRUE,0.5182323356568861,2.0473057521881935e-4
HPos_5934,Unknown,-1.3203118763985455,0.0136,TRUE,-0.1913541769672639,0.20048397775823965
HPos_5980,Unknown,-5.015123520369663,0.0308,TRUE,-0.36610242591194625,0.01395446364540029
HPos_5986,Glutathione disulfide,-1.1113882009344123,2.68e-4,TRUE,-0.18030449898139528,0.23196589687915092
HPos_5987,Unknown,0.37479686868893874,0.377,FALSE,0.15859647557029552,0.29490735365366044
HPos_5999,Unknown,-0.8409718859903563,3.34e-5,TRUE,-0.07718097561340653,0.48075925254545393
HPos_6024,Unknown,-0.12882958101255784,0.645,FALSE,0.1197522487637472,0.4433604184605136
HPos_6039,Unknown,-2.1396825375030875,0.00954,TRUE,-0.28886942356804074,0.05181158600451773
HPos_6150,Unknown,2.9178768721421657,0.246,FALSE,-0.09270449367025481,0.5560605654693627
HPos_6152,Unknown,1.6839042911142126,0.433,FALSE,-0.048321398051874895,0.7731736859920701
HPos_639,L-Proline,1.0772090162379966,3.1e-5,TRUE,0.36263083866226364,3.8812088286943575e-4
HPos_690,Unknown,0.5952302932700415,0.0478,TRUE,0.26349664444919363,0.07342367170089946
HPos_691,Unknown,-0.26377773263988186,0.336,FALSE,0.3229288432710002,0.03094539713210556
HPos_705,L-Threonine,-0.2917505265007632,0.0193,TRUE,0.09660555273180649,0.539536261900989
HPos_706,Unknown,0.7603921939110357,0.00887,TRUE,0.35787892989943926,0.016582463916176897
HPos_805,Unknown,1.339921201942803,0.508,FALSE,0.30414381102070887,0.042220941527580914
HPos_831,Unknown,-1.07984620249677,9.54e-4,TRUE,-0.2903586771169595,0.05072097886019976
HPos_87,Unknown,-0.6786655199628469,0.0322,TRUE,-0.3426075453156841,0.0225093153976553
HPos_878,Unknown,0.8296957694165494,0.0135,TRUE,0.3262307635962469,0.02924746176319319
HPos_879,Unknown,0.1750286091208781,0.542,FALSE,-0.24885180650218383,0.09138812684920652
HPos_893,Unknown,-2.498268324314137,0.163,FALSE,0.1747762954351716,0.24639952164821957
HPos_901,Unknown,2.4272059969900552,0.116,FALSE,0.07633327225398856,0.6311759885031637
HPos_950,Unknown,1.069586245758452,0.134,FALSE,0.4913710769194929,5.186971118968875e-4
HPos_954,L-Asparagine,-0.26823794087512365,0.0487,TRUE,0.15396100461067772,0.3099736056351153
HPos_962,L-Aspartic acid,-0.6388130699188322,0.00146,TRUE,-0.2748597635866919,0.009067359910482497
HPos_970,Unknown,0.011745727032539179,0.957,FALSE,0.12733714140244146,0.4126621240611404
HPos_978,Dimethylsulfoniopropionate,1.1367749792205075,0.0532,FALSE,0.7661649560519878,9.459552638172275e-11
HPos_989,Adenine,0.6755414680286341,0.0429,TRUE,0.16628608718705615,0.271655583454584
HPos_991,Unknown,1.2934655049387611,0.0224,TRUE,0.38292449812773377,0.009528309213978566
HPos_992,Unknown,-0.12851449047886404,0.766,FALSE,0.28092956087649296,0.056905494491240896
HPos_sky16,Creatine,0.1357428521953213,0.802,FALSE,-0.2311041686444508,0.11950828175029325
HPos_sky35,Glycine betaine,0.48179674164965763,0.058,FALSE,0.5100337029976894,2.7955270949716384e-4
HPos_sky38,Guanine,0.7263285386303169,0.18,FALSE,0.4050800141120945,0.00556212000082582
HPos_sky45,Hypotaurine,1.5091736457060518,7.5e-4,TRUE,0.7571283468846989,2.104244092574281e-10
HPos_sky51,L-Glutamic acid,-0.49097480119029807,0.009,TRUE,-0.22185264459930262,0.13546489012863186
HPos_sky54,L-Homoserine,-0.07540814101635279,0.861,FALSE,0.02718100246788145,0.8774932659997982
HPos_sky55,L-Isoleucine,1.0479508306204561,0.0136,TRUE,0.4342457257092184,0.002647477734296074
HPos_sky59,L-Methionine,0.12300358694917365,0.833,FALSE,0.48709110240461784,5.893045797480285e-4
HPos_sky60,L-Methionine S-oxide,1.0299154215992519,0.0121,TRUE,0.41667908603757703,0.004128810917363283
HPos_sky64,L-Serine,-0.022363052827264775,0.877,FALSE,0.23529032074822545,0.1127972180722677
HPos_sky71,N6-Acetyl-L-lysine,0.3727155254230953,0.299,FALSE,0.27303453366386,0.06301085820306132
HPos_sky72,Ophthalmic acid,-0.7534411511175167,0.00322,TRUE,-0.1813699237045816,0.2290808361377701
HPos_sky73,Pipecolic acid,2.0099360721022332,0.00277,TRUE,0.8987140745412776,5.042764236544948e-19
HPos_sky74,Proline betaine,0.6217149889438788,0.105,FALSE,0.14299504276085426,0.34702111023864257
RP_10004,Unknown,-2.8255348585033957,0.197,FALSE,-0.05583389081868661,0.7391883706366486
RP_10006,Unknown,-4.200484774238799,0.0811,FALSE,-0.0031429341440983084,0.9878205455098278
RP_10123,Unknown,-2.3519293551823917,0.0612,FALSE,-0.039477776217020547,0.816414675933194
RP_10309,Unknown,-4.449920914301442,0.0542,FALSE,0.002392402396070947,0.9896073113755192
RP_10313,Unknown,-1.4949595369713882,0.47,FALSE,-0.33060388502618243,0.027034981880676254
RP_10319,Unknown,0.7639028041979413,0.27,FALSE,0.19981095069141744,0.18079259542341475
RP_10320,Unknown,1.9927860330825546,1.86e-5,TRUE,0.4448803700599964,0.0019880831019022023
RP_10411,Unknown,-9.958510839339345,0.00343,TRUE,-0.05222267880262481,0.7545076246643346
RP_10502,Unknown,-3.176662993361656,0.309,FALSE,-0.0896336881826604,0.5672917975938045
RP_10543,Unknown,1.133377671053207,0.0238,TRUE,0.28683787796848464,0.0528947188355353
RP_10544,Unknown,0.8372769782337408,0.0333,TRUE,0.29144694463171333,0.05019720808164182
RP_10770,Unknown,1.1519060261696243,0.099,FALSE,-0.1096991248226639,0.4814154967304194
RP_10820,Unknown,0.2257971396167158,0.628,FALSE,0.349321432298171,0.019704055777655202
RP_10987,Unknown,2.3045842098852543,2.06e-4,TRUE,0.5453952354537778,7.388075258793135e-5
RP_11044,Unknown,6.129245958536397,0.0109,TRUE,0.6960265392778219,2.745995889744149e-8
RP_11047,Unknown,0.4724449077958237,0.433,FALSE,0.28570164359094763,0.053509253155742384
RP_1105,Unknown,1.4381231779464387,0.00196,TRUE,0.37980615792156297,0.010167255740353421
RP_11065,Unknown,0.9601115159985764,0.0102,TRUE,-0.44709138357067285,0.0019175976941248978
RP_11071,Unknown,1.1523816634592445,0.0405,TRUE,0.036582112970969693,0.8309830336142676
RP_11302,Unknown,1.442838769950244,0.259,FALSE,0.05337933838667677,0.7510930524727707
RP_11420,Unknown,-6.473986129711526,0.0171,TRUE,0.3670798468720765,0.013670437368814134
RP_11431,Unknown,1.8100881169810497,0.00321,TRUE,0.16583221852429622,0.27270675031728175
RP_11542,Unknown,1.6241233206159975,0.00295,TRUE,0.10930735535509675,0.4824590697393581
RP_11850,Unknown,-1.2935830102919004,0.377,FALSE,0.3568933363523744,0.016921385470433422
RP_11935,Unknown,1.991703967000023,2.64e-6,TRUE,0.4474194386220181,0.0019175976941248978
RP_12037,Unknown,8.313484831334117,0.00215,TRUE,0.34388931725160643,0.02199887151509346
RP_12070,Unknown,1.1961133915373432,0.018,TRUE,0.2848581684959874,0.05425834172674075
RP_12093,Unknown,-0.23575063280246997,0.614,FALSE,0.14954068995452477,0.3252729283008644
RP_12128,Unknown,-5.038317381202923,0.0283,TRUE,-0.09629817187216658,0.5401588240653419
RP_12164,Unknown,1.2547735640051187,0.0205,TRUE,0.2745138739912369,0.06173325554104957
RP_12203,Unknown,-0.028420489293108996,0.795,FALSE,0.061251496418956546,0.5754824983480047
RP_12205,Unknown,2.7944099828901083,1.44e-9,TRUE,0.7085675460391844,1.4454989875200945e-16
RP_12279,Unknown,-0.024413656681125218,0.906,FALSE,0.2844668706267949,0.05452870518644564
RP_12310,Unknown,1.3436103876135796,0.142,FALSE,0.5230390260148569,1.7278108360487286e-4
RP_12312,Unknown,1.2382608218237163,0.12,FALSE,0.5211759301188598,1.848504369076445e-4
RP_12341,Unknown,1.0774834509648112,0.0158,TRUE,0.5318412464616203,1.2291393717057698e-4
RP_12403,Unknown,-0.26566553688278177,0.309,FALSE,0.15400696224170876,0.3099736056351153
RP_12456,Unknown,1.7708703517309876,0.00331,TRUE,0.7457360786091687,5.87645321566977e-10
RP_12527,Unknown,1.4806871849351804,0.00672,TRUE,0.7512122186661645,3.6159442489635686e-10
RP_12782,Unknown,3.4155921321759455,1.71e-6,TRUE,0.6604829814024038,2.573502731220701e-7
RP_13157,Unknown,1.7692846845374417,0.00269,TRUE,0.29965004217462327,0.0448254169757311
RP_13185,Unknown,-0.3943476135349982,0.506,FALSE,0.3039736252592202,0.042220941527580914
RP_13205,Unknown,1.0082177620962975,0.0187,TRUE,0.2935239717520763,0.04841413745793955
RP_13206,Unknown,0.5315167244421806,0.11,FALSE,0.30639729811767447,0.04115619291998341
RP_13217,Unknown,1.5602484953324847,0.0153,TRUE,0.42983759801251775,0.0029366011417483345
RP_13430,Unknown,0.4866010708084505,0.0309,TRUE,0.5411101300492683,8.655100061904257e-5
RP_13521,Unknown,1.1688398718674164,0.00798,TRUE,0.3095713303669625,0.03884885953773527
RP_13590,Unknown,0.36832667226042387,0.0832,FALSE,0.5305567831837507,1.2736558395012865e-4
RP_13592,Unknown,0.04938206971030271,0.894,FALSE,0.30832977639602677,0.039760761281949226
RP_13655,Unknown,0.7021284038201164,0.0194,TRUE,0.2643538208196242,0.07245442536769717
RP_13704,Unknown,1.3765665926871937,0.0137,TRUE,0.5021284250786979,3.680014004390082e-4
RP_13755,Unknown,2.4728121553873845,0.278,FALSE,-0.3316497496903794,0.027034981880676254
RP_1379,Unknown,0.7662589542878279,0.0118,TRUE,0.341431107641466,0.022825384637334183
RP_1383,Unknown,1.068088064306387,0.0563,FALSE,0.7137065484796901,8.010351006283467e-9
RP_1385,Unknown,0.2268573713040457,0.479,FALSE,0.3107686293739776,0.03824022707372639
RP_13999,Unknown,1.5470238767238236,0.00827,TRUE,0.6510509165843249,4.416229913227945e-7
RP_14070,Unknown,-0.06263478786699464,0.694,FALSE,0.12135826898947454,0.4380016319601431
RP_14071,Unknown,3.4444276516884096,3.55e-7,TRUE,0.5866166674817477,1.2992776861935275e-5
RP_14134,Unknown,0.5181345090739922,0.103,FALSE,0.5185054469788641,2.0430766694134412e-4
RP_14280,Unknown,1.3010093974154275,0.204,FALSE,0.39930950982573055,0.006458518772854106
RP_14444,Unknown,3.2877998918537283,0.0728,FALSE,0.7351770338895025,1.446776484809106e-9
RP_14450,Unknown,2.0608955424139372,0.224,FALSE,0.14007941695836637,0.358408750117302
RP_14456,Unknown,-0.05402268136675454,0.742,FALSE,0.27008501090923703,0.06579357556447785
RP_14469,Unknown,-0.6763451130883533,0.655,FALSE,0.33049083338820284,0.027034981880676254
RP_14523,Unknown,-1.311660929006532,0.558,FALSE,0.6747913043684248,1.1687628268886247e-7
RP_14552,Unknown,1.5524483552194681,0.558,FALSE,-0.3041051797116782,0.042220941527580914
RP_14603,Unknown,1.5288783432892605,0.0196,TRUE,0.43733884938642087,0.002415113512380789
RP_14640,Methylthioadenosine,-1.2303660402465018,0.0582,FALSE,-0.1791832020559343,0.2345685010010801
RP_14642,Unknown,-0.2667697394174763,0.31,FALSE,0.20315942150600744,0.1735371657238812
RP_14653,Unknown,6.736831308026456,0.00718,TRUE,0.60414175170836,5.662471869813164e-6
RP_14692,Unknown,-0.6374910593897914,0.481,FALSE,0.4958652178934374,4.4500380214381374e-4
RP_15239,Unknown,-1.211406607852438,0.00872,TRUE,-0.30068167277671837,0.04424787443150891
RP_15242,Unknown,0.3711279970711255,0.0866,FALSE,0.46926644892016545,0.0010158717429819828
RP_15611,Unknown,1.7234833314369689,0.00588,TRUE,0.6621467930467282,2.3483890340305334e-7
RP_15825,Unknown,-0.5998056624815788,0.0733,FALSE,-0.4312071347807818,0.0028301875859434986
RP_15826,Unknown,-0.6510160259669285,0.0637,FALSE,-0.44506092152082627,0.0019880831019022023
RP_15827,Unknown,-0.8428773941154439,0.195,FALSE,-0.3307740960706264,0.027034981880676254
RP_15896,Unknown,-0.22435485506999436,0.644,FALSE,0.7080552961033606,1.1950993543604894e-8
RP_16110,Unknown,0.3928644768406559,0.336,FALSE,-0.20528813079287378,0.169196798900338
RP_16147,Unknown,-0.09431418758208178,0.96,FALSE,0.6719120990201085,1.3657642992172644e-7
RP_1634,Unknown,2.1645736741905215,5.72e-5,TRUE,0.6168723752703141,2.9590018042807255e-6
RP_16356,Unknown,-0.23883203872598033,0.893,FALSE,0.6658810494093219,1.9381554479003886e-7
RP_1636,Unknown,0.822233993961421,0.263,FALSE,0.369306225835213,0.012968402149730949
RP_16783,Unknown,1.1930272963666009,0.0183,TRUE,0.34133261353924377,0.022825384637334183
RP_16784,Unknown,1.1134038455177009,0.0967,FALSE,0.4231851767500862,0.0034853537380241336
RP_17497,Unknown,1.0713085413839776,0.112,FALSE,0.2768984145547376,0.05997582018475603
RP_1752,Unknown,0.18824458395229518,0.526,FALSE,0.29818511913425316,0.04569653409571874
RP_1780,Unknown,0.5712078239395094,0.051,FALSE,0.33388811234084875,0.026233288471795464
RP_18110,Unknown,0.6831247174803676,0.284,FALSE,-0.4116733530218992,0.004711568049342351
RP_18162,Unknown,-3.0559867178754048,0.161,FALSE,-0.15339511934890543,0.3115306576794632
RP_18176,Unknown,1.2952359985545032,0.0317,TRUE,0.05832638370952257,0.725814558843896
RP_18210,Unknown,0.5932133875426838,0.365,FALSE,-0.4460740553625853,0.0019358789673383768
RP_18359,Unknown,-0.7678144019215758,0.587,FALSE,0.3023218728148486,0.043526421973838304
RP_18375,Unknown,2.086303839122418,0.29,FALSE,-0.2814279412300971,0.05678643185651266
RP_18376,Unknown,1.0007523688630637,0.312,FALSE,-0.3309850601316623,0.027034981880676254
RP_18378,Unknown,0.7673116013461003,0.439,FALSE,-0.2585101863338835,0.07922813726452513
RP_18425,Unknown,1.502949799716905,0.00672,TRUE,0.44718481356939466,0.0019175976941248978
RP_18429,Unknown,1.8332717564187744,0.00465,TRUE,0.4413097323149312,0.0021941162996952216
RP_18537,Unknown,-0.7746105255090561,0.0172,TRUE,-0.04767277995462374,0.7743661228593787
RP_18816,Unknown,-0.22057069618447625,0.323,FALSE,-0.01453628516871675,0.9339926844305989
RP_1885,Unknown,-0.5585472115245776,0.116,FALSE,-0.2359762169747716,0.11177161180302082
RP_18989,Unknown,-0.0965817966286715,0.828,FALSE,0.38910245825263595,0.008211731783395739
RP_19351,Unknown,0.433831000193623,0.414,FALSE,0.31543745934831924,0.035151319012298995
RP_1937,Unknown,-0.03475339836988771,0.773,FALSE,0.011126739942467644,0.9495630257568657
RP_1938,Unknown,1.5045118353643692,0.00346,TRUE,0.4221006644366351,0.003582609079907045
RP_1950,Unknown,0.13681670954359398,0.573,FALSE,0.41510803986207384,0.004302247656854081
RP_19510,Unknown,0.5906981414439142,0.239,FALSE,-0.27683107998985884,0.05997582018475603
RP_19511,Unknown,0.5723158070762823,0.26,FALSE,-0.34258791393295757,0.0225093153976553
RP_19572,Unknown,0.35862300468317865,0.446,FALSE,-0.33320123382755906,0.026353358575886145
RP_19573,Unknown,0.679587623424207,0.233,FALSE,-0.3895922795808015,0.008140887317179872
RP_1964,Unknown,1.5905960512011086,7.3e-4,TRUE,0.652779920842815,4.0939199957464175e-7
RP_1965,Unknown,3.0439102625150682,1.2e-6,TRUE,0.6996273822022496,2.138361337023558e-8
RP_1966,Unknown,2.2893732816057035,9.58e-5,TRUE,0.1692572448515897,0.26400013708264436
RP_20513,Unknown,1.016803270009385,0.155,FALSE,-0.2526106444650838,0.08656584060270255
RP_20713,Riboflavin,1.5788945622442119,0.00717,TRUE,0.5337443221739533,1.1667544376959166e-4
RP_20893,Unknown,0.9192059711033214,0.274,FALSE,-0.3636157086233031,0.014671240017882182
RP_20992,Unknown,0.4887328759084626,0.546,FALSE,-0.26317276992226407,0.07367942344652587
RP_21282,Unknown,0.2167507184273093,0.314,FALSE,-0.044976971622053684,0.7876964689810454
RP_21470,Unknown,-0.04520507562669965,0.846,FALSE,0.16896646145237362,0.26446952953874464
RP_22117,Unknown,0.4411981964824899,0.283,FALSE,-0.14848480880625514,0.3288113960606378
RP_22418,Unknown,2.516980810568571,0.0017,TRUE,0.7216810320849593,4.260155860366875e-9
RP_22421,Unknown,1.4077328748040594,0.00147,TRUE,0.3472124108686219,0.020564637439555538
RP_22719,Unknown,-0.4915770629566217,0.873,FALSE,0.014065311048571116,0.9352799009487258
RP_22832,Unknown,-0.6643608638122098,0.169,FALSE,0.018772049225374222,0.916383817720172
RP_23517,Unknown,0.7183649253667619,0.534,FALSE,0.24111902990044384,0.10344561504170958
RP_24095,Unknown,-1.5061565435725979,0.0352,TRUE,-0.23241706638400536,0.11748922278291375
RP_2421,Unknown,1.3295854031597694,0.0138,TRUE,0.7682052583280194,8.319865248076265e-11
RP_24740,Unknown,-0.7037229448705422,0.568,FALSE,-0.2775765349023023,0.059430683291524344
RP_24806,Unknown,2.5487423324770395,0.0174,TRUE,0.2802788277368282,0.05715059482843717
RP_25709,Unknown,-0.5769903632778388,0.61,FALSE,-0.03832863986849829,0.8219082403907296
RP_2571,Unknown,0.008372900623132125,0.976,FALSE,0.2950321372068486,0.04750517465883918
RP_2573,Unknown,0.2919119161715287,0.155,FALSE,0.7111408903711999,9.591250892272087e-9
RP_25867,Unknown,-5.410359926366075,0.0547,FALSE,-0.2404234667250655,0.10443116573423211
RP_26326,Unknown,0.6673942399187357,0.103,FALSE,-0.21528806683123622,0.14715088527425077
RP_26431,Unknown,-0.6239385172352854,0.188,FALSE,-0.12231137791097459,0.4343394142279857
RP_2688,Unknown,-0.4655560183623563,0.283,FALSE,-0.06920814693249669,0.6690063360449167
RP_26932,Unknown,-0.10300058137378446,0.608,FALSE,0.14520192644097632,0.3400235214738572
RP_27208,Unknown,0.7233449659716081,0.218,FALSE,0.47665848162636143,8.227552580552615e-4
RP_27643,Unknown,-0.0015234202033222331,0.997,FALSE,-0.0021433268627692606,0.9896073113755192
RP_2768,Unknown,0.19857257829377523,0.542,FALSE,0.3930669697417942,0.007504798150857817
RP_27883,Unknown,1.7110478683875672,0.00334,TRUE,0.279425870351725,0.05795055357090781
RP_28004,Unknown,0.8725259367970771,0.197,FALSE,0.4673039075620175,0.00105925121456844
RP_2809,Unknown,1.1810383388910821,0.0364,TRUE,0.49060041828832557,5.296197109199414e-4
RP_2980,Unknown,2.7330722539533454,8.28e-5,TRUE,0.6870333346135333,5.1107337902360855e-8
RP_2981,Unknown,0.8456395903176062,0.0177,TRUE,0.5786700981447844,1.8178184248826592e-5
RP_29863,Unknown,0.7932491517413913,0.213,FALSE,0.49646574876081256,4.3853313953293486e-4
RP_29872,Unknown,0.09319878580332644,0.774,FALSE,-0.06388542699183694,0.6959513403301247
RP_30592,Unknown,-0.18313091349436197,0.843,FALSE,0.07371420277357933,0.6446822285186822
RP_3085,Unknown,-1.523872515560782,0.00713,TRUE,-0.21193609233553817,0.15463286630430073
RP_3095,Unknown,1.0518754878556789,0.253,FALSE,-0.1858727283605159,0.21569103095243003
RP_31300,Unknown,0.7377304779066973,0.74,FALSE,-0.33920786669160574,0.0235527365632841
RP_31314,Unknown,0.76965001085586,0.228,FALSE,0.373496530320099,0.011843373023585107
RP_31798,Unknown,-0.057503863899101136,0.89,FALSE,0.08579904775311914,0.5826544582207285
RP_34087,Unknown,-1.279087557250847,0.0307,TRUE,-0.1958057607280934,0.19005214111938679
RP_3513,Unknown,1.581852779600017,0.00183,TRUE,0.5972350993734726,7.704561644891754e-6
RP_3519,Unknown,0.032241632361276154,0.933,FALSE,0.3103137259199683,0.03848798431330575
RP_3621,Unknown,0.6923766525098883,0.0616,FALSE,0.5531312885142374,5.6891649637969986e-5
RP_3650,Unknown,0.4304678299000642,0.559,FALSE,0.1749103044153835,0.24639952164821957
RP_3769,Unknown,-1.0289071509713574,0.00528,TRUE,-0.2467337164140509,0.09459743074715449
RP_3959,L-Phenylalanine,0.7412599445474153,0.0124,TRUE,0.3441184703519684,0.021967061437498554
RP_3970,Unknown,1.5964220939344205,0.269,FALSE,0.3250828480819389,0.029801098822859928
RP_4032,Unknown,0.8582055259830045,0.00945,TRUE,-0.45073462255005725,0.0017585515911052831
RP_4163,Unknown,1.5382493088098643,7.88e-4,TRUE,0.24915063758996936,0.09112737581194497
RP_4535,Unknown,-0.04372037867505547,0.827,FALSE,0.8296220898362954,9.583087457750599e-14
RP_4737,Unknown,0.16553123595127653,0.804,FALSE,0.11969698564342393,0.4433604184605136
RP_4831,Unknown,-0.4786428259296054,0.0446,TRUE,-0.38485355434646135,0.009125928253281335
RP_5011,Unknown,0.6819490840474427,0.18,FALSE,-0.17011460730135117,0.2615786145627953
RP_5096,Unknown,2.092007089744137,7.6e-6,TRUE,0.5431211566396987,8.004020035110186e-5
RP_5098,Unknown,-1.5107770431097256,0.00813,TRUE,-0.22655308225111917,0.12668399384588572
RP_5105,Unknown,1.8375092449210597,7.9e-4,TRUE,0.676825720856269,1.03659077443089e-7
RP_5109,Unknown,1.0350740721538638,0.167,FALSE,-0.20062941586099214,0.17900892189667797
RP_5327,Unknown,0.7509765255772629,0.00819,TRUE,-0.4679050189906092,0.0010504935867549547
RP_5356,Unknown,-1.2292657248581647,0.00459,TRUE,-0.21894217877465744,0.14020278331553512
RP_5674,Unknown,0.3472120921055645,0.0321,TRUE,0.290166251528992,0.05077206506693507
RP_5716,Unknown,1.4884850491153465,0.0488,TRUE,0.2864382251926867,0.0528947188355353
RP_5998,Unknown,0.1481834476345545,0.605,FALSE,-0.4121807681808934,0.004665981197520434
RP_5999,Unknown,-0.42665828030735525,0.177,FALSE,-0.48753690577691194,5.842033467977488e-4
RP_6193,Unknown,-1.3431298043460083,0.0268,TRUE,-0.18004393117230708,0.23231190866900858
RP_6338,Unknown,-0.5997991000635604,0.0233,TRUE,-0.39851803904327676,0.0065395535488410724
RP_6339,Unknown,0.17319895977698752,0.525,FALSE,-0.42527239049700033,0.0032882866244377707
RP_6340,Unknown,0.02490740505097589,0.914,FALSE,-0.36215756764897583,0.015026219131232574
RP_6414,Unknown,0.7697431652997723,0.219,FALSE,-0.35970113104084916,0.01591354364424309
RP_6680,Unknown,-0.5369490538589643,0.00599,TRUE,-0.5812817119193244,1.6362360026374775e-5
RP_6682,Unknown,0.14032546114120723,0.658,FALSE,-0.6215296740394778,2.3060016554643466e-6
RP_669,Unknown,0.619783290947217,0.0199,TRUE,0.331441137895758,0.027034981880676254
RP_6744,Unknown,0.6404947339944743,0.0601,FALSE,0.3445525725070068,0.02182865664890304
RP_6755,Unknown,1.3146102319165678,1.76e-5,TRUE,0.28831002859222593,6.302252358169855e-4
RP_6770,Unknown,-1.6306749614963982,0.00554,TRUE,-0.22720527644010846,0.12620588467311564
RP_6828,L-Tryptophan,0.057164384199913584,0.753,FALSE,0.2993909454609524,0.044893762953511794
RP_6918,Unknown,1.0516745331191857,0.00457,TRUE,-0.4320616418816353,0.0027868003996051414
RP_7155,L-Kynurenine,0.7112562040869237,0.0951,FALSE,0.3349787310012801,0.025677491475135327
RP_7162,Unknown,1.5788721694180832,0.0179,TRUE,0.22302543936799096,0.1334738031546818
RP_7242,Unknown,1.5623350076028892,0.00305,TRUE,0.11942601028104109,0.44380789405767723
RP_727,Unknown,0.6178174167924758,0.00892,TRUE,0.33917720629803266,0.0235527365632841
RP_7311,Unknown,0.18266132308040905,0.391,FALSE,-0.4759494910802002,8.37656424462421e-4
RP_7666,Unknown,0.7676683890568802,0.0686,FALSE,0.5504486722839117,6.198770595954995e-5
RP_7669,Desthiobiotin,-1.8893689758960948,0.00361,TRUE,-0.3731969848482984,0.011882709987827962
RP_7670,Unknown,1.2790772387657783,0.0246,TRUE,0.3508266020128102,0.0193128288625952
RP_7672,Unknown,1.3127659350547318,0.0545,FALSE,-0.04723148287285545,0.7756543613972849
RP_7892,Unknown,0.9028055638655643,0.0766,FALSE,-0.12250032333916663,0.4342798230541288
RP_7986,Unknown,-0.656085511502495,0.00371,TRUE,0.2758894085634748,0.060860700359258904
RP_8286,Unknown,1.077499061615202,0.122,FALSE,0.2865950731203723,0.0528947188355353
RP_8413,Unknown,0.3251657432228848,0.482,FALSE,-0.09990239672513802,0.524377532665105
RP_8414,Unknown,-2.365871471036995,0.0155,TRUE,-0.1449746501197994,0.3402853152182246
RP_8545,Unknown,-2.3098160553705136,0.0228,TRUE,-0.00675276426003955,0.9695620015942094
RP_8661,Unknown,-3.0605838219263215,0.00265,TRUE,-0.0905827923841825,0.5642771551909571
RP_8858,Unknown,-2.460196869879884,0.0723,FALSE,-0.09207450963340498,0.5583872188910048
RP_8868,Unknown,-0.05570859149971605,0.923,FALSE,0.28150996334684403,0.05678643185651266
RP_8869,Unknown,-1.9303778537249308,0.292,FALSE,0.49000125191712657,5.373252279429678e-4
RP_8969,Unknown,0.7736786917289863,0.401,FALSE,0.3257157025261425,0.029484094598630665
RP_9080,Unknown,-0.1096344028895325,0.639,FALSE,0.3046173193471953,0.042051008254891595
RP_9309,Unknown,0.4595206714237959,0.317,FALSE,0.5665819886109906,3.151234759893453e-5
RP_9310,Unknown,0.550406401994262,0.405,FALSE,0.3278498023447337,0.02839872249129321
RP_9542,Unknown,0.963612394584259,0.013,TRUE,0.2891427793677629,0.05167582104068201
RP_9545,Unknown,1.237419946898222,0.578,FALSE,0.2881893832530059,0.05212349595460154
RP_9719,Unknown,0.7650608333879577,0.0844,FALSE,-0.22498471966515804,0.12963764668907102
RP_9934,Unknown,0.1402412099847403,0.614,FALSE,0.1679283997934296,0.26699573517694497
RP_9939,Unknown,0.20237291724183437,0.893,FALSE,0.29564605512441605,0.04719175386749774
RP_9940,Unknown,0.6835752356765173,0.105,FALSE,0.350377360050918,0.019444136505779776
RP_9960,Unknown,1.6999864455461962,0.0895,FALSE,-0.25280689069674017,0.08656584060270255
RP_sky1,Agmatine,-1.1900032096889848,0.711,FALSE,-0.012991107136971951,0.9401640514201829
RP_sky15,Nicotinic acid,1.2001210450009765,0.408,FALSE,0.2980205171024675,0.04569653409571874
RP_sky16,Pantothenic acid,1.395251894265645,0.0741,FALSE,0.5845093066135479,1.427083766679087e-5
RP_sky17,Pyridoxal,0.7820580315144,0.056,FALSE,0.5329305235030068,1.1962593894972237e-4
RP_sky21,Pyridoxine,-0.18745769783924443,0.463,FALSE,0.034058190994153366,0.8421574808058854
RP_sky23,S-Adenosylhomocysteine,0.26057430354675487,0.31,FALSE,0.2700713717999997,0.06579357556447785
RP_sky24,S-Adenosylmethionine,-0.7336204709453176,0.00696,TRUE,0.02584014254100612,0.8841043227080304
RP_sky29,Xanthine,3.7214198828630654,0.0908,FALSE,0.6220209801217865,2.2760363307732926e-6
OH-B12,OH-B12,0.688068764545314,0.0354,TRUE,0.6288989211508298,1.5752824059678453e-6
CN-Pseudocob,CN-Pseudocob,-0.5800101050558489,0.282,FALSE,-0.34061199183032187,0.023036589551001258
OH-Pseudocob,OH-Pseudocob,-0.8160625236200445,0.0124,TRUE,-0.5326929653738087,1.1968089073057855e-4
Pyridoxamine,Pyridoxamine,0.4965030259207109,0.0487,TRUE,0.4451476429634778,5.9494963797447445e-6
Vitamin B2,Vitamin B2,1.2182668325676675,1.97e-4,TRUE,0.36081240127117503,4.172819367150747e-4
Vitamin B5,Vitamin B5,2.086779732708933,6.39e-5,TRUE,0.5304584902097731,2.0347661326956824e-8
ATP,ATP,-0.05485198394453829,0.531,FALSE,NA,0.33818339823181853
