experiment,treatment,time,Pro.abu,Pro.Qc,Pro.C,B1.Qc,B1.abu,B1.C,B2.Qc,B2.abu,B2.C,bacterial.C,total.C,Pro.C.perc
A,C,0,14430000,23.7238493770008,342335146.5101215,11.641986251028245,231281.19800332858,2692572.527276092,23.713259412424662,497504.1597337787,11797445.19852745,14490017.725803543,356825164.2359251,0.9593918277685621
A,C,2,17059500,27.0604313307618,461637428.28713095,NA,NA,NA,NA,NA,NA,NA,NA,NA
A,C,4,17429812,30.393719571811264,529756818.1173908,NA,NA,NA,NA,NA,NA,NA,NA,NA
A,C,6,18855236,33.70063101085978,635433351.0586797,12.26418261053992,192176.87074829862,2356892.236379262,22.929015288566557,680272.1088435351,15597969.584058829,17954861.82043809,653388212.8791178,0.9725203769114213
A,C,8,18015216,36.95006244658996,665663356.1888067,NA,NA,NA,NA,NA,NA,NA,NA,NA
A,C,10,16610307,39.27107722753801,652304648.9701152,NA,NA,NA,NA,NA,NA,NA,NA,NA
A,C,12,15515027,39.8145980496465,617724563.7344128,12.229269982946,333333.33333333436,4076423.3276486793,21.86674364583495,798484.8484848508,17460263.486901596,21536686.814550277,639261250.5489631,0.966310038664074
A,C,14,14971153,38.6415327237917,578508298.5623922,NA,NA,NA,NA,NA,NA,NA,NA,NA
A,C,16,17627037,36.1664065417937,637506586.2692395,NA,NA,NA,NA,NA,NA,NA,NA,NA
A,C,18,19528501,32.944068397263436,643348272.6400274,11.685856540177308,450567.26094003173,5265264.373045846,22.32314439583163,763371.1507293342,17040844.425343078,22306108.798388924,665654381.4384164,0.9664899542158987
A,C,20,22653895,29.989293997376215,679374317.3406911,NA,NA,NA,NA,NA,NA,NA,NA,NA
A,C,22,22714954,28.147763479001984,639375152.62841,NA,NA,NA,NA,NA,NA,NA,NA,NA
A,C,24,27600885,28.20314752821034,778431831.5641679,10.94660807482195,443886.09715242655,4859047.135389953,22.4214708567137,889447.2361809,19942715.284614597,24801762.42000455,803233593.9841725,0.9691226031807463
A,C,26,28656451,29.95923977957548,858525486.7406555,NA,NA,NA,NA,NA,NA,NA,NA,NA
A,C,28,28745887,32.61663601973686,937594133.3434855,NA,NA,NA,NA,NA,NA,NA,NA,NA
A,C,30,28728385,35.14554548826678,1009674761.8219409,11.257643472195172,545878.6936236408,6145307.711882609,22.294853837611047,993779.1601866283,22156161.123224735,28301468.835107345,1037976230.6570482,0.9727339913967084
A,C,32,29928353,37.01478462367602,1107791540.4363482,NA,NA,NA,NA,NA,NA,NA,NA,NA
A,C,34,30113005,37.733120084439726,1136257633.768334,NA,NA,NA,NA,NA,NA,NA,NA,NA
A,C,36,27310161,36.44885655873454,995424140.8849462,11.978971687668988,701357.4660633483,8401541.228908114,22.292915350264515,1259426.847662142,28076296.10478262,36477837.33369073,1031901978.218637,0.9646499007622196
A,C,38,31472573,33.765337936304896,1062682063.0700252,NA,NA,NA,NA,NA,NA,NA,NA,NA
A,C,40,32644053.5,30.9394793312566,1009990018.5516846,NA,NA,NA,NA,NA,NA,NA,NA,NA
A,C,42,33815534,28.53521657646677,964933586.3388757,12.01041365849092,967532.4675324692,11620465.163085392,22.259545524348137,1498376.6233766256,33353182.660671037,44973647.82375643,1009907234.1626321,0.9554675456295285
A,C,44,39322115,26.80593941466249,1054066232.3463911,NA,NA,NA,NA,NA,NA,NA,NA,NA
A,C,46,39683838,25.87814256117669,1026944017.1386409,NA,NA,NA,NA,NA,NA,NA,NA,NA
A,C,48,35374999,25.412056790241575,898951483.5427389,11.822538842189235,1102171.1366538953,13030461.073830536,21.421376148321215,1725415.0702426566,36960765.23165002,49991226.305480555,948942709.8482195,0.947319025915193
A,HV,0,15324358,22.93232446409515,351423149.8599522,11.699931171202785,331585.84534731193,3879531.5679086405,21.575801937182305,359108.78112712834,7748059.935501873,11627591.503410513,363050741.3633627,0.9679725443894001
A,HV,2,16510085,25.365360131044657,418784251.81915843,NA,NA,NA,NA,NA,NA,NA,NA,NA
A,HV,4,15970382,27.917146549846823,445847494.7510358,NA,NA,NA,NA,NA,NA,NA,NA,NA
A,HV,6,17447296,30.55575835813267,533115360.57881474,12.619402069717562,270833.33333333366,3417754.7272151774,23.75662296896284,600490.1960784321,14265619.184793882,17683373.91200906,550798734.4908237,0.9678950353283653
A,HV,8,17904245,33.039896753947566,591554406.2573819,NA,NA,NA,NA,NA,NA,NA,NA,NA
A,HV,10,14722791,35.00665489071059,515395663.5650599,NA,NA,NA,NA,NA,NA,NA,NA,NA
A,HV,12,14550101,35.76329141521052,520359502.183746,13.299574320901014,310935.44137022435,4135309.0115054585,22.520560974734916,923583.6627140986,20799622.191421866,24934931.202927325,545294433.3866733,0.954272536676996
A,HV,14,15085812,35.188298917016546,530844062.0619152,NA,NA,NA,NA,NA,NA,NA,NA,NA
A,HV,16,15291958,34.00224342517785,519960878.36359584,NA,NA,NA,NA,NA,NA,NA,NA,NA
A,HV,18,14441690,32.55035962989363,470082203.1634385,12.960029957972935,512789.2813641894,6645764.448607307,22.057557714942817,1048721.0718635798,23132225.569507603,29777990.01811491,499860193.1815534,0.9404273626419791
A,HV,20,14724604,30.93217228807007,455463987.8016057,NA,NA,NA,NA,NA,NA,NA,NA,NA
A,HV,22,14513197,29.532592006622295,428612325.7127347,NA,NA,NA,NA,NA,NA,NA,NA,NA
A,HV,24,12353205,28.93867675204162,357485406.3467043,13.632385237469087,406593.4065934061,5542837.9536962155,24.232323674680543,1721611.7216117193,41718652.48021919,47261490.43391541,404746896.78061974,0.8832319881638722
A,HV,26,10757029,28.722717758679615,308971107.88893163,NA,NA,NA,NA,NA,NA,NA,NA,NA
A,HV,28,8627433,28.227855783001207,243533934.50150546,NA,NA,NA,NA,NA,NA,NA,NA,NA
A,HV,30,5394495,27.128703061990496,146345653.02439243,14.669650945754016,419631.9018404903,6155853.525702905,24.03142013237293,2835582.8220858863,68143082.11768562,74298935.64338852,220644588.66778094,0.6632641838533436
A,LV,0,16623211,23.529329763506293,391133013.34734523,11.693487909068171,213709.6774193554,2499011.5289540915,23.502844361859577,452956.989247313,10645777.6208961,13144789.14985019,404277802.4971954,0.9674857509646689
A,LV,2,16711234,26.487812537138787,442644033.45625997,NA,NA,NA,NA,NA,NA,NA,NA,NA
A,LV,4,17797647,29.61808951211978,527132301.95111006,NA,NA,NA,NA,NA,NA,NA,NA,NA
A,LV,6,17475662,32.75291316178861,572378839.9307691,12.343755628804717,152173.9130434777,1878397.5956876671,24.766777334521773,662404.0920716088,16405614.653813591,18284012.249501258,590662852.1802703,0.9690449260826023
A,LV,8,17536743,35.621104021657445,624678146.604073,NA,NA,NA,NA,NA,NA,NA,NA,NA
A,LV,10,15415322,37.75160288658012,581953114.5127621,NA,NA,NA,NA,NA,NA,NA,NA,NA
A,LV,12,15004015,38.42115345660053,576471562.7801362,12.196930140940248,315032.6797385613,3842431.5868844343,22.17483914165332,873202.6143790827,19363127.51192729,23205559.098811727,599677121.878948,0.9613032442756819
A,LV,14,16206791,37.31011262100938,604677197.4351612,NA,NA,NA,NA,NA,NA,NA,NA,NA
A,LV,16,16406955,34.8413810595933,571640971.1825997,NA,NA,NA,NA,NA,NA,NA,NA,NA
A,LV,18,19938892,31.73606004979864,632781873.8384497,11.676452737016382,531250,6203115.516539953,22.16600171721731,899671.052631579,19942110.097562283,26145225.614102237,658927099.452552,0.9603215201866425
A,LV,20,20996411,28.904619512017188,606893271.0729324,NA,NA,NA,NA,NA,NA,NA,NA,NA
A,LV,22,23326390,27.154519583305746,633416914.0628273,NA,NA,NA,NA,NA,NA,NA,NA,NA
A,LV,24,24418393,27.247288121152504,665334989.5265335,11.324015574669026,606400,6866883.0444792975,22.344032962400853,1046400.0000000001,23380796.091856252,30247679.13633555,695582668.662869,0.956514616451728
A,LV,26,25594844,28.86971862822064,738915944.6132013,NA,NA,NA,NA,NA,NA,NA,NA,NA
A,LV,28,27125103,31.147955009544123,844891487.8732504,NA,NA,NA,NA,NA,NA,NA,NA,NA
A,LV,30,27517500,33.37253395233933,918328703.0334976,11.36580503394026,660740.7407407417,7509850.437240538,22.57824041017387,1260740.7407407428,28465307.53934517,35975157.97658571,954303861.0100833,0.9623021980247384
A,LV,32,28851964,35.14943276043565,1014130168.62451,NA,NA,NA,NA,NA,NA,NA,NA,NA
A,LV,34,27777212,36.16868667145499,1004665277.4345796,NA,NA,NA,NA,NA,NA,NA,NA,NA
A,LV,36,23816235,35.86970648421625,854281359.0091181,13.742301318671098,588524.5901639354,8087682.251480217,23.223306293070845,1677049.1803278716,38946626.78329756,47034309.034777775,901315668.0438958,0.9478159420696023
A,LV,38,23453949,34.642525530491014,812504027.0233341,NA,NA,NA,NA,NA,NA,NA,NA,NA
A,LV,40,22536894,33.05631779776546,744986730.2385536,NA,NA,NA,NA,NA,NA,NA,NA,NA
A,LV,42,19474821,31.3261501209383,610071166.2244017,13.362791848302493,1004926.108374381,13428618.409131527,21.99601239888928,2722495.894909679,59884053.46035847,73312671.86949,683383838.0938917,0.8927210920381505
A,LV,44,19091765,29.531288580989568,563804421.7354363,NA,NA,NA,NA,NA,NA,NA,NA,NA
A,LV,46,17203863,27.853639490410583,479190197.84441346,NA,NA,NA,NA,NA,NA,NA,NA,NA
A,LV,48,12522323,26.341043368708764,329851053.2199792,14.55488823596619,526402.6402640265,7661731.596160421,22.98679198493877,4932343.234323433,113378747.92571284,121040479.52187327,450891532.7418525,0.7315529994856386
B,C,0,17393458,25.334527451861163,440655039.18379414,12.01040804163882,346687.21109398967,4163854.8680565893,23.118920919232963,571648.6902927563,13215900.864461329,17379755.732517917,458034794.91631204,0.9620558177557376
B,C,2,18382689,28.99637677855908,533031376.4470734,NA,NA,NA,NA,NA,NA,NA,NA,NA
B,C,4,17557905,32.65158130239494,573293362.6072266,NA,NA,NA,NA,NA,NA,NA,NA,NA
B,C,6,17385941,36.129085218162,628138143.9869366,12.86808713771771,220095.6937799043,2832210.5661962423,23.75810563968374,660287.081339713,15687170.230987351,18519380.797183596,646657524.7841202,0.9713613774101428
B,C,8,17923074,39.0787269616719,700410915.1598406,NA,NA,NA,NA,NA,NA,NA,NA,NA
B,C,10,16340816,41.26425208945501,674291550.7713999,NA,NA,NA,NA,NA,NA,NA,NA,NA
B,C,12,15425961,42.24087525885318,651606094.348934,12.178977866402466,309562.3987034031,3770153.6020792015,22.53006380590853,1009724.4732576968,22749156.80888329,26519310.410962492,678125404.7598965,0.9608932061462111
B,C,14,16009248,41.45005901515881,663584274.388313,NA,NA,NA,NA,NA,NA,NA,NA,NA
B,C,16,17732394,38.82624388709547,688482254.1460685,NA,NA,NA,NA,NA,NA,NA,NA,NA
B,C,18,18922223,35.23907252052013,666801588.5464541,11.70649126701596,639871.3826366528,7490648.752849404,22.70563871945743,1315112.5401929196,29860470.213048372,37351118.965897776,704152707.5123519,0.9469559392907076
B,C,20,20770185,31.990875969161102,664456412.1915303,NA,NA,NA,NA,NA,NA,NA,NA,NA
B,C,22,23439081,30.019478946336772,703628998.6009823,NA,NA,NA,NA,NA,NA,NA,NA,NA
B,C,24,26950763,30.025733555696203,809216428.9607157,11.316150190949775,878315.132605307,9939145.955545623,23.009582218135343,1472698.907956323,33886186.605179146,43825332.560724765,853041761.5214404,0.9486246341766901
B,C,26,28887182,31.57635429730129,912151893.4826244,NA,NA,NA,NA,NA,NA,NA,NA,NA
B,C,28,27639837,34.02382398419978,940412949.0399724,NA,NA,NA,NA,NA,NA,NA,NA,NA
B,C,30,28802121,36.74702146458192,1058392158.6124856,11.748459795403434,952845.528455283,11194467.382286832,22.687879050025337,1554471.544715445,35267662.39321007,46462129.7754969,1104854288.3879826,0.9579472784204995
B,C,32,29933117,38.85643635915157,1163094255.741538,NA,NA,NA,NA,NA,NA,NA,NA,NA
B,C,34,28165313,39.907260730533245,1124000489.4480774,NA,NA,NA,NA,NA,NA,NA,NA,NA
B,C,36,29835418,39.00201929522704,1163641548.5171642,12.273027979441467,1010989.0109890124,12407896.418776007,23.4646984220548,2464678.1789638973,57832930.17680705,70240826.59558307,1233882375.1127472,0.9430733204296199
B,C,38,30352841,36.2615119636615,1100639907.0526152,NA,NA,NA,NA,NA,NA,NA,NA,NA
B,C,40,33707357,32.91226180136725,1109385358.216149,NA,NA,NA,NA,NA,NA,NA,NA,NA
B,C,42,32397165,29.81972155238383,966074439.3866351,12.096116827525504,1355877.6167471819,16400854.056000764,23.617256596383463,2753623.188405797,65033025.41033127,81433879.46633203,1047508318.8529671,0.922259443671528
B,C,44,34124997,27.551996013808928,940211781.3152416,NA,NA,NA,NA,NA,NA,NA,NA,NA
B,C,46,38925059,26.43231423097528,1028879390.9472524,NA,NA,NA,NA,NA,NA,NA,NA,NA
B,C,48,41533572,26.064798200508303,1082564172.7262821,12.15677715939716,1861464.968152875,22629414.807858832,21.93732410453341,2863057.324840778,62807816.46489055,85437231.27274938,1168001403.9990315,0.9268517734822687
B,HV,0,16143036,24.906670168613804,402069273.1720587,11.939793213024856,289370.0787401592,3455018.9021942215,23.741482158324995,442913.3858267743,10515420.247289676,13970439.149483897,416039712.3215426,0.9664204191673735
B,HV,2,16612624,28.11625855226927,467084831.6156337,NA,NA,NA,NA,NA,NA,NA,NA,NA
B,HV,4,17079421,31.462306375655896,537357976.2208112,NA,NA,NA,NA,NA,NA,NA,NA,NA
B,HV,6,19485022,34.79552207836976,677991513.1985204,12.745155082630284,168316.8316831683,2145224.1228189585,24.209434733790097,641584.1584158415,15532389.809401963,17677613.93222092,695669127.1307414,0.9745890492436663
B,HV,8,17075296,37.62536688158022,642464276.6115792,NA,NA,NA,NA,NA,NA,NA,NA,NA
B,HV,10,15467610,39.67338905594142,613652509.2955701,NA,NA,NA,NA,NA,NA,NA,NA,NA
B,HV,12,13737433,40.67095770264058,558714556.4858589,13.371101115808251,161290.3225806458,2156629.2122271457,23.863125140536905,1036053.1309297951,24723465.51562277,26880094.727849916,585594651.2137089,0.9540977796294109
B,HV,14,14990269,40.5951663810442,608532464.1516091,NA,NA,NA,NA,NA,NA,NA,NA,NA
B,HV,16,15203417,39.76145963652469,604510051.3827533,NA,NA,NA,NA,NA,NA,NA,NA,NA
B,HV,18,14231100,38.340765697113746,545631270.7121954,12.760477198144732,507782.10116731416,6479541.923571534,22.2901682340465,1406614.7859922154,31353680.220263794,37833222.14383533,583464492.8560307,0.9351576272299905
B,HV,20,14060039,36.57763470235987,514282970.4429332,NA,NA,NA,NA,NA,NA,NA,NA,NA
B,HV,22,12104208,34.63150430866581,419186931.5049872,NA,NA,NA,NA,NA,NA,NA,NA,NA
B,HV,24,10367515,33.205587032026514,344259421.63834035,14.315519925631152,324632.95269167976,4647289.502774217,24.46315282438378,1978792.8221859676,48407511.21692901,53054800.71970323,397314222.35804355,0.8664663942689362
B,HV,26,7771598,32.178180721100055,250075884.93573976,NA,NA,NA,NA,NA,NA,NA,NA,NA
B,HV,28,6867694,31.04605763943271,213214823.7739862,NA,NA,NA,NA,NA,NA,NA,NA,NA
B,HV,30,4216987,29.18460472984229,123071098.74588345,14.5815884283567,236790.6066536208,3452783.1699240003,25.74640504459251,3281800.3913894384,84494562.1522147,87947345.32213871,211018444.06802216,0.5832243683220945
B,LV,0,17611109,25.038690446060293,440959106.6628265,11.619652405730507,218836.56509695292,2542804.8200906096,22.975572034263045,368421.05263157893,8464684.43367586,11007489.25376647,451966595.91659296,0.9756453477907074
B,LV,2,17795396,28.163291014617933,501176916.2683679,NA,NA,NA,NA,NA,NA,NA,NA,NA
B,LV,4,18126277,31.546680778322983,571823874.2184579,NA,NA,NA,NA,NA,NA,NA,NA,NA
B,LV,6,19828418,34.952588455680065,693054534.0811988,12.539430742925108,221276.5957446809,2774682.5473706624,23.441715509266317,510638.2978723405,11970237.706859399,14744920.254230062,707799454.3354288,0.9791679406307618
B,LV,8,16799443,38.01432165628989,638619429.8485075,NA,NA,NA,NA,NA,NA,NA,NA,NA
B,LV,10,15367346,40.52700136792605,622792452.3633928,NA,NA,NA,NA,NA,NA,NA,NA,NA
B,LV,12,14220677,41.6646951345183,592500171.8114562,12.453978595875151,258241.75824175825,3216137.3297040225,24.572632097760582,1265109.8901098901,31087079.892908648,34303217.22261267,626803389.0340688,0.9452727636404848
B,LV,14,15603239,40.80758542388874,636730508.3818523,NA,NA,NA,NA,NA,NA,NA,NA,NA
B,LV,16,17783217,38.222269721962284,679714916.698185,NA,NA,NA,NA,NA,NA,NA,NA,NA
B,LV,18,19101411,34.676819210338785,662376175.9093766,12.363835087414277,804347.8260869576,9944823.874659324,23.685135827533173,1698550.7246376835,40230404.62299843,50175228.49765775,712551404.4070344,0.929583706961588
B,LV,20,22617811,31.542068558560647,713412545.2065672,NA,NA,NA,NA,NA,NA,NA,NA,NA
B,LV,22,22693735,29.77655716303443,675741297.4702551,NA,NA,NA,NA,NA,NA,NA,NA,NA
B,LV,24,25763484,29.645754712312737,763777927.1985939,11.864608795183049,853900.7092198582,10131197.864822973,23.904631069373497,1493617.0212765958,35704363.852553606,45835561.717376575,809613488.9159704,0.9433858719686748
B,LV,26,27809269,30.974891651850303,861389094.1921594,NA,NA,NA,NA,NA,NA,NA,NA,NA
B,LV,28,25403107,33.204636202406704,843500926.3458111,NA,NA,NA,NA,NA,NA,NA,NA,NA
B,LV,30,28860442,35.6286873146776,1028259663.7813886,12.1416956903521,861538.4615384627,10460537.825534131,23.742654645404045,1577622.3776223802,37456943.27274938,47917481.098283514,1076177144.879672,0.9554743553825973
B,LV,32,28187953,37.388384621477606,1053902028.4561335,NA,NA,NA,NA,NA,NA,NA,NA,NA
B,LV,34,27170487,38.25981968475171,1039537933.3668904,NA,NA,NA,NA,NA,NA,NA,NA,NA
B,LV,36,22948052,37.90952118061028,869949663.347746,13.910785175170156,608753.3156498699,8468236.598677889,24.449161973468772,3409814.323607441,83367102.69733219,91835339.29601008,961785002.6437562,0.9045157295616245
B,LV,38,21303815,36.6931244960914,781703536.0366994,NA,NA,NA,NA,NA,NA,NA,NA,NA
B,LV,40,20239131,35.17506103658805,711912668.2525012,NA,NA,NA,NA,NA,NA,NA,NA,NA
B,LV,42,17825667,33.2264664291356,592283926.1524503,13.650248619782,746144.7212336865,10185060.951177755,23.458557404319667,5157769.869513623,120993840.5622557,131178901.51343346,723462827.6658838,0.8186791407975205
B,LV,44,15644842,30.948936762379837,484191225.7154241,NA,NA,NA,NA,NA,NA,NA,NA,NA
B,LV,46,12489605,28.600325652861763,357206770.2756105,NA,NA,NA,NA,NA,NA,NA,NA,NA
B,LV,48,9737947,26.277376603449405,255887700.66343033,13.165006249549794,1652119.7007481277,21750166.185353436,22.325129821502287,8997506.234413953,200870494.7530677,222620660.93842113,478508361.60185146,0.534761189557529
C,C,0,18014173,26.235684710646808,472614163.1510465,11.425077245085223,556291.3907284768,6355672.109848733,21.76866292954739,688741.7218543047,14992986.38856244,21348658.498411175,493962821.6494577,0.9567808394422823
C,C,2,15219095,28.606243704094524,435361140.52576643,NA,NA,NA,NA,NA,NA,NA,NA,NA
C,C,4,17478193,31.608248821585285,552455073.2956902,NA,NA,NA,NA,NA,NA,NA,NA,NA
C,C,6,18021334,34.85932194724692,628211483.8248671,11.418892235465568,821263.4822804289,9377919.201083403,21.755993919033457,1072419.106317408,23331543.555696823,32709462.756780226,660920946.5816474,0.9505092660083524
C,C,8,16455794,37.209194958772784,612306847.1474035,NA,NA,NA,NA,NA,NA,NA,NA,NA
C,C,10,16827347,38.744988449837,651975365.1563994,NA,NA,NA,NA,NA,NA,NA,NA,NA
C,C,12,16850592,39.56503594167314,666694278.1184698,12.5389808360752,749169.4352159468,9393821.191146038,21.77449034992086,901993.3554817276,19640445.614629615,29034266.805775654,695728544.9242455,0.9582678229640024
C,C,14,18751809,38.90531714023025,729545076.0980239,NA,NA,NA,NA,NA,NA,NA,NA,NA
C,C,16,19383518.5,36.46780344284116,706874342.6886753,NA,NA,NA,NA,NA,NA,NA,NA,NA
C,C,18,20015228,33.22121589308575,664930210.5373349,11.939101645215894,867200,10353588.946731225,21.44902484191852,873600,18737868.10190002,29091457.048631243,694021667.5859661,0.9580827827035706
C,C,20,22109269,30.385727873549083,671806231.3170947,NA,NA,NA,NA,NA,NA,NA,NA,NA
C,C,22,25586873,28.855217124809823,738314775.9599341,NA,NA,NA,NA,NA,NA,NA,NA,NA
C,C,24,25798108,28.83501223206845,743888759.744223,11.125117122947245,947454.844006565,10540546.108276747,21.74423182693235,1206896.551724134,26243038.41181482,36783584.52009156,780672344.2643145,0.9528821729239615
C,C,26,25627871,30.27533398750434,775892353.9136769,NA,NA,NA,NA,NA,NA,NA,NA,NA
C,C,28,27243209,32.73440247455149,891790168.1043234,NA,NA,NA,NA,NA,NA,NA,NA,NA
C,C,30,27164706,35.16023649100007,955117487.1684885,11.146814013409603,877049.1803278703,9776304.093728112,22.35166377903338,1100000.0000000019,24586830.156936757,34363134.25066487,989480621.4191533,0.9652715439728574
C,C,32,26779593,37.046607336592245,992093066.5047543,NA,NA,NA,NA,NA,NA,NA,NA,NA
C,C,34,26672506,38.62626683055048,1030259333.7954586,NA,NA,NA,NA,NA,NA,NA,NA,NA
C,C,36,24941709,38.96334467383161,971812404.5214078,11.543083418142434,1015698.5871271599,11724293.518898217,22.07625577510385,1317111.4599686048,29076889.474587373,40801182.99348559,1012613587.5148934,0.9597070555870992
C,C,38,29164384,37.0793375877856,1081396039.875813,NA,NA,NA,NA,NA,NA,NA,NA,NA
C,C,40,32684024,34.26470679328008,1119908499.184529,NA,NA,NA,NA,NA,NA,NA,NA,NA
C,C,42,35065101,31.665987854653647,1110371062.3882034,11.554803757680814,1311708.8607595002,15156538.473287093,20.946412783578715,1454113.92405064,30458470.487514134,45615008.96080123,1155986071.3490045,0.9605401742362089
C,C,44,35691782,30.167399683121676,1076728252.9968479,NA,NA,NA,NA,NA,NA,NA,NA,NA
C,C,46,43120000,29.665837100828643,1279190895.7877312,NA,NA,NA,NA,NA,NA,NA,NA,NA
C,C,48,43033899,28.76194210607456,1237738511.6366599,11.257161356127869,1400316.4556962003,15763588.291413208,22.04233595305754,1693037.9746835416,37318511.81925875,53082100.11067196,1290820611.7473319,0.958877244732855
C,HV,0,15713919,25.883848536733023,406736699.3144913,11.692456111173051,687277.051129605,8035956.756549344,22.20624169964084,778834.7205707463,17294992.04906623,25330948.805615574,432067648.1201068,0.9413727250447272
C,HV,2,15456826,27.879702698080127,430931713.5359551,NA,NA,NA,NA,NA,NA,NA,NA,NA
C,HV,4,16371868,30.438180592204365,498329874.8157317,NA,NA,NA,NA,NA,NA,NA,NA,NA
C,HV,6,16860029,33.33296809479721,561994808.7343557,12.815626591311524,575037.1471025269,7369461.353399061,22.93557213377229,927191.6790490357,21265671.636662602,28635132.990061663,590629941.7244173,0.9515176407981318
C,HV,8,16078430,35.888395884477966,577029061.0408671,NA,NA,NA,NA,NA,NA,NA,NA,NA
C,HV,10,16023842,37.86098390670314,606678424.0855539,NA,NA,NA,NA,NA,NA,NA,NA,NA
C,HV,12,15567488,38.78142670954623,603729394.9237404,13.183934343242452,467625.8992805749,6165149.1533148065,22.578621923526104,1656115.1079136666,37392796.883422315,43557946.03673712,647287340.9604775,0.9327069397462592
C,HV,14,14778080,38.502177092345434,568988253.2448483,NA,NA,NA,NA,NA,NA,NA,NA,NA
C,HV,16,13732119,37.40581835874808,513661148.9947133,NA,NA,NA,NA,NA,NA,NA,NA,NA
C,HV,18,12816120,35.78065843698086,458569212.20735914,13.371641173884363,1124629.0801186995,15038136.513062898,21.804428987689185,2295252.2255192986,50046664.16017111,65084800.673234,523654012.8805931,0.875710299028922
C,HV,20,11290669,33.95303528997794,383352483.0044599,NA,NA,NA,NA,NA,NA,NA,NA,NA
C,HV,22,9725386,32.31489645792634,314274841.6033664,NA,NA,NA,NA,NA,NA,NA,NA,NA
C,HV,24,7465542,30.96511127180397,231171338.73432595,14.184046368724614,773154.3624161073,10966457.326691782,22.904245583017737,3880536.912751678,88880770.44362989,99847227.77032167,331018566.5046476,0.6983636633296828
C,HV,26,4800842,29.82702490095907,143194833.87957016,NA,NA,NA,NA,NA,NA,NA,NA,NA
C,LV,0,16975116,26.443737413244538,448885510.06336594,11.556861464015102,605919.0031152648,7002521.97741725,22.359382094387133,679127.7258566978,15184876.313322103,22187398.290739354,471072908.3541053,0.9529002880503986
C,LV,2,15828300,28.46361744187503,450530675.95523053,NA,NA,NA,NA,NA,NA,NA,NA,NA
C,LV,4,16309172,31.185754266424674,508613830.2808538,NA,NA,NA,NA,NA,NA,NA,NA,NA
C,LV,6,17488338,34.173299006000555,597634203.5920017,12.524793110240642,488299.5319812808,6115850.613892876,21.908534807429493,936037.4414976628,20507208.868108794,26623059.48200167,624257263.0740033,0.9573524233408148
C,LV,8,16769822,36.58687057983715,613555307.1609057,NA,NA,NA,NA,NA,NA,NA,NA,NA
C,LV,10,17073469,38.42553195449119,656057128.6335148,NA,NA,NA,NA,NA,NA,NA,NA,NA
C,LV,12,16522988,39.2703863313131,648864122.1076504,13.243472221459886,630276.5647743795,8347050.177426658,22.044839066945176,1082969.432314407,23873886.849792086,32220937.027218744,681085059.1348691,0.9526917576665879
C,LV,14,16868084,38.58257437219461,650814105.4464259,NA,NA,NA,NA,NA,NA,NA,NA,NA
C,LV,16,19333334,36.25784353661262,700984999.213073,NA,NA,NA,NA,NA,NA,NA,NA,NA
C,LV,18,18278811,32.88055000315646,601017359.0837463,12.243010067966477,850370.3703703666,10411093.005944781,21.084390324701843,1111111.1111111064,23427100.360779725,33838193.366724506,634855552.4504708,0.9466993818733839
C,LV,20,22369358,29.863006981108633,668016294.1169182,NA,NA,NA,NA,NA,NA,NA,NA,NA
C,LV,22,25784985,28.216901169347796,727572373.3981154,NA,NA,NA,NA,NA,NA,NA,NA,NA
C,LV,24,27157642,28.038458936037824,761458430.0166161,11.338456449571405,1132420.0913241992,12839895.888099104,21.53998721329332,1298325.7229832553,27965919.471749123,40805815.35984823,802264245.3764644,0.949136689569532
C,LV,26,29082677,29.22226959926796,849861827.9624295,NA,NA,NA,NA,NA,NA,NA,NA,NA
C,LV,28,29291569,31.348937610778993,918259569.102828,NA,NA,NA,NA,NA,NA,NA,NA,NA
C,LV,30,27056731,33.57429552569475,908410682.5532265,11.299851193415124,998444.7900466596,11282277.552367859,23.13472393598502,1275272.1617418393,29503069.405144285,40785346.95751214,949196029.5107386,0.9570316924118036
C,LV,32,25165777,35.30500252454604,888477820.5171627,NA,NA,NA,NA,NA,NA,NA,NA,NA
C,LV,34,25713114,36.42194826023657,936521707.7175646,NA,NA,NA,NA,NA,NA,NA,NA,NA
C,LV,36,22507377,36.61114517000064,824020846.7429335,13.795616131642296,809682.8046744602,11170073.161680361,22.63248168991755,2295492.4874791396,51952691.69221492,63122764.853895284,887143611.5968288,0.928847185473977
C,LV,38,22185188,35.80348934506609,794307142.1762881,NA,NA,NA,NA,NA,NA,NA,NA,NA
C,LV,40,19649122,34.348719571131,674922181.3969407,NA,NA,NA,NA,NA,NA,NA,NA,NA
C,LV,42,17863311,32.536558716296824,581210667.2189709,13.444927309889708,1480378.89039242,19903586.57242127,21.729142451398097,4300405.953991874,93444133.57312998,113347720.14555125,694558387.3645221,0.8368060594939394
C,LV,44,14507663,30.68048599123957,445102151.43712467,NA,NA,NA,NA,NA,NA,NA,NA,NA
C,LV,46,13006631,28.908028228129528,375996056.1008646,NA,NA,NA,NA,NA,NA,NA,NA,NA
C,LV,48,10584111,27.466095486322423,290704203.3638355,14.21445965787103,2100840.336134443,29862310.205611255,20.92918965501146,6322689.07563022,132328758.79353395,162191068.9991452,452895272.3629807,0.6418795273509625
E,C,0,16842857,27.029646835733672,455256476.4147647,11.483823822048915,499051.2333965864,5731016.442502612,22.23422517649342,633776.0910815964,14091520.320586018,19822536.76308863,475079013.17785335,0.9582752842932513
E,C,2,14397500,26.979633998295352,388439280.49045736,NA,NA,NA,NA,NA,NA,NA,NA,NA
E,C,4,14321937,29.04964049508504,416047121.04325676,NA,NA,NA,NA,NA,NA,NA,NA,NA
E,C,6,14246374,32.697764840986714,465824586.8887473,12.61898014803994,470479.7047970454,5936974.054889607,22.729123116032955,896678.966789663,20380726.631719474,26317700.686609082,492142287.57535636,0.9465242037698715
E,C,8,14170811,36.54811383927058,517916413.6227877,NA,NA,NA,NA,NA,NA,NA,NA,NA
E,C,10,14774477,39.46704737370723,583104983.6807479,NA,NA,NA,NA,NA,NA,NA,NA,NA
E,C,12,15972076,40.789246985851385,651488952.8407892,12.3159098546709,629570.747217806,7753736.5698723,22.216402049447694,898251.1923688395,19955909.63106192,27709646.20093422,679198599.0417234,0.9592024391098134
E,C,14,15144040,40.29061828261975,610162734.8967247,NA,NA,NA,NA,NA,NA,NA,NA,NA
E,C,16,16216258,38.440917919679386,623367842.7423441,NA,NA,NA,NA,NA,NA,NA,NA,NA
E,C,18,17619834,35.15787914939748,619475994.4044448,11.651069286318036,724857.6850094849,8445367.110765602,21.972698193315217,954459.2030360496,20972044.00614329,29417411.116908893,648893405.5213537,0.9546652641765199
E,C,20,20422000,31.904029120185893,651544082.6924363,NA,NA,NA,NA,NA,NA,NA,NA,NA
E,C,22,22539383.5,29.938495851610604,674795239.4126105,NA,NA,NA,NA,NA,NA,NA,NA,NA
E,C,24,24656767,29.913037086685883,737558785.7087727,11.123322450297993,750936.3295880164,8352906.933650756,21.818124973607652,898876.4044943837,19611797.72908557,27964704.662736326,765523490.371509,0.963469828144444
E,C,26,25659260,32.07757746693715,823086900.3942817,NA,NA,NA,NA,NA,NA,NA,NA,NA
E,C,28,29299472,35.18382595419198,1030867523.3977213,NA,NA,NA,NA,NA,NA,NA,NA,NA
E,C,30,28333333,38.10607545625929,1079672125.2253213,11.154933477471683,1097465.8869395645,12242158.962605303,21.972219518264392,1087719.2982456076,23899607.195304986,36141766.15791029,1115813891.3832316,0.9676095033078439
E,C,32,28489286,40.41200884702323,1151309277.8773751,NA,NA,NA,NA,NA,NA,NA,NA,NA
E,C,34,28446775,41.89463725404955,1191767319.6725655,NA,NA,NA,NA,NA,NA,NA,NA,NA
E,C,36,30468334,42.130369237527624,1283642161.472317,11.958902325048218,1242937.8531073516,14864172.381415948,22.671953580470753,1561205.2730696886,35395573.48062214,50259745.86203809,1333901907.334355,0.9623212579683043
E,C,38,30567307,40.12725556171402,1226582139.82237,NA,NA,NA,NA,NA,NA,NA,NA,NA
E,C,40,31659207,36.64387245508762,1160115943.337217,NA,NA,NA,NA,NA,NA,NA,NA,NA
E,C,42,33618151,32.8484609822495,1104304521.4188719,11.805499076583445,998069.4980694964,11782708.537825542,22.476236570169988,1397683.397683395,31414662.696530964,43197371.23435651,1147501892.6532283,0.9623552941298629
E,C,44,36831034,29.826119175887825,1098526809.4551766,NA,NA,NA,NA,NA,NA,NA,NA,NA
E,C,46,33899097,28.163981220563983,954733531.3020768,NA,NA,NA,NA,NA,NA,NA,NA,NA
E,C,48,37314542,27.441980740310225,1023984942.8974969,11.306589648932286,1429071.8038528971,16157928.465024156,22.334894846239894,1509632.224168134,33717476.98329052,49875405.44831468,1073860348.3458116,0.953555035787341
