series,experiment,treatment,time,pop,Qc,abundance
A1,A,Control,0,bacteria,11.641986251028243,231.28119800332854
A1,A,Control,0,bacteria2,23.713259412424666,497.5041597337787
A1,A,Control,6,bacteria,12.26418261053992,192.17687074829865
A1,A,Control,6,bacteria2,22.929015288566557,680.2721088435351
A1,A,Control,12,bacteria,12.229269982946,333.33333333333434
A1,A,Control,12,bacteria2,21.86674364583495,798.4848484848509
A1,A,Control,18,bacteria,11.685856540177307,450.56726094003164
A1,A,Control,18,bacteria2,22.32314439583163,763.3711507293342
A1,A,Control,24,bacteria,10.94660807482195,443.88609715242654
A1,A,Control,24,bacteria2,22.4214708567137,889.4472361809001
A1,A,Control,30,bacteria,11.257643472195172,545.8786936236409
A1,A,Control,30,bacteria2,22.294853837611047,993.7791601866284
A1,A,Control,36,bacteria,11.978971687668988,701.3574660633484
A1,A,Control,36,bacteria2,22.292915350264515,1259.4268476621419
A1,A,Control,42,bacteria,12.01041365849092,967.5324675324691
A1,A,Control,42,bacteria2,22.259545524348134,1498.3766233766257
A1,A,Control,48,bacteria,11.822538842189235,1102.1711366538952
A1,A,Control,48,bacteria2,21.421376148321215,1725.4150702426566
A2,A,LG-HV,0,bacteria,12.16615691432526,225.91362126245846
A2,A,LG-HV,0,bacteria2,23.293107916365088,433.5548172757475
A2,A,LG-HV,6,bacteria,13.434216953642325,145.24207011686192
A2,A,LG-HV,6,bacteria2,24.98902101046365,580.9682804674477
A2,A,LG-HV,12,bacteria,13.322755536915011,224
A2,A,LG-HV,12,bacteria2,24.863894559778153,873.6
A2,A,LG-HV,18,bacteria,14.322168041919841,271.10389610389655
A2,A,LG-HV,18,bacteria2,23.265927328122768,1019.4805194805211
A2,A,LG-HV,24,bacteria,15.033336221661644,77.53164556962012
A2,A,LG-HV,24,bacteria2,24.18471910864053,550.6329113924041
A2,A,LG-HV,30,bacteria,14.356558443596509,6.410256410256431
A2,A,LG-HV,30,bacteria2,25.01234742585595,41.6666666666668
A2,A,LG-HV,36,bacteria,14.118258115660552,3.2258064516129137
A2,A,LG-HV,36,bacteria2,23.189678213193183,35.48387096774205
A2,A,LG-HV,42,bacteria,15.110841056461608,14.446227929373997
A2,A,LG-HV,42,bacteria2,26.420776084080913,25.682182985553773
A2,A,LG-HV,48,bacteria,15.19865672480635,32.41491085899535
A2,A,LG-HV,48,bacteria2,22.36111099830966,123.17666126418233
A3,A,LV,0,bacteria,11.693487909068173,213.7096774193554
A3,A,LV,0,bacteria2,23.502844361859577,452.956989247313
A3,A,LV,6,bacteria,12.343755628804715,152.17391304347768
A3,A,LV,6,bacteria2,24.766777334521773,662.4040920716087
A3,A,LV,12,bacteria,12.196930140940248,315.0326797385613
A3,A,LV,12,bacteria2,22.174839141653322,873.2026143790827
A3,A,LV,18,bacteria,11.676452737016382,531.25
A3,A,LV,18,bacteria2,22.16600171721731,899.671052631579
A3,A,LV,24,bacteria,11.324015574669026,606.4
A3,A,LV,24,bacteria2,22.344032962400853,1046.4
A3,A,LV,30,bacteria,11.365805033940259,660.7407407407417
A3,A,LV,30,bacteria2,22.57824041017387,1260.7407407407427
A3,A,LV,36,bacteria,13.742301318671098,588.5245901639354
A3,A,LV,36,bacteria2,23.223306293070845,1677.0491803278717
A3,A,LV,42,bacteria,13.362791848302491,1004.926108374381
A3,A,LV,42,bacteria2,21.996012398889278,2722.495894909679
A3,A,LV,48,bacteria,14.55488823596619,526.4026402640264
A3,A,LV,48,bacteria2,22.98679198493877,4932.343234323433
A4,A,LG-HV,0,bacteria,12.008983898280896,268.7898089171988
A4,A,LG-HV,0,bacteria2,22.912636201893267,425.4777070063716
A4,A,LG-HV,6,bacteria,13.542732711615416,152.6627218934915
A4,A,LG-HV,6,bacteria2,24.35655034642624,500.5917159763325
A4,A,LG-HV,12,bacteria,12.976199132118406,185.58077436582107
A4,A,LG-HV,12,bacteria2,24.778047734875923,656.8758344459278
A4,A,LG-HV,18,bacteria,14.025767933345808,308.06257521058967
A4,A,LG-HV,18,bacteria2,25.214066596785724,1116.7268351383875
A4,A,LG-HV,24,bacteria,14.703193625343777,181.3898704358064
A4,A,LG-HV,24,bacteria2,24.50925268441183,1034.1578327444026
A4,A,LG-HV,30,bacteria,13.789931083547797,18.641810918774993
A4,A,LG-HV,30,bacteria2,26.972238594964807,74.56724367509997
A4,A,LG-HV,36,bacteria,13.073246423011161,7.853403141361256
A4,A,LG-HV,36,bacteria2,26.379774963118372,41.8848167539267
A4,A,LG-HV,42,bacteria,13.966979031082651,10.243277848911639
A4,A,LG-HV,42,bacteria2,24.9601548780801,53.777208706786105
A4,A,LG-HV,48,bacteria,14.563829700309212,58.432934926958524
A4,A,LG-HV,48,bacteria2,20.942771164122977,116.86586985391705
A5,A,HG-vHV,0,bacteria,11.713314212787159,330.698287220025
A5,A,HG-vHV,0,bacteria2,22.15351682468985,392.62187088273885
A5,A,HG-vHV,6,bacteria,13.880750276097684,39.23766816143502
A5,A,HG-vHV,6,bacteria2,24.10652822776113,145.7399103139015
A5,A,HG-vHV,12,bacteria,11.565717984591945,22.63648468708392
A5,A,HG-vHV,12,bacteria2,23.80272675707093,30.625832223701774
A5,A,HG-vHV,18,bacteria,14.073502305729216,21.766965428937233
A5,A,HG-vHV,18,bacteria2,23.910432945855927,51.216389244558194
A5,A,HG-vHV,24,bacteria,14.572413353384663,21.170610211706155
A5,A,HG-vHV,24,bacteria2,21.826797391159776,75.9651307596515
A5,A,HG-vHV,30,bacteria,13.701493589436216,23.936170212765894
A5,A,HG-vHV,30,bacteria2,20.904637539668368,39.89361702127649
A5,A,HG-vHV,36,bacteria,14.646239276708972,59.76095617529889
A5,A,HG-vHV,36,bacteria2,21.470580219381425,71.71314741035866
A5,A,HG-vHV,42,bacteria,14.005160413673478,78.22685788787504
A5,A,HG-vHV,42,bacteria2,20.47309967016614,67.7966101694917
A5,A,HG-vHV,48,bacteria,13.086493207920517,136.9680851063826
A5,A,HG-vHV,48,bacteria2,20.64450660810249,101.06382978723377
A6,A,HV,0,bacteria,11.699931171202785,331.58584534731193
A6,A,HV,0,bacteria2,21.575801937182302,359.10878112712834
A6,A,HV,6,bacteria,12.619402069717562,270.83333333333366
A6,A,HV,6,bacteria2,23.75662296896284,600.4901960784322
A6,A,HV,12,bacteria,13.299574320901014,310.93544137022434
A6,A,HV,12,bacteria2,22.520560974734916,923.5836627140986
A6,A,HV,18,bacteria,12.960029957972935,512.7892813641894
A6,A,HV,18,bacteria2,22.057557714942817,1048.7210718635797
A6,A,HV,24,bacteria,13.632385237469087,406.5934065934061
A6,A,HV,24,bacteria2,24.232323674680543,1721.6117216117193
A6,A,HV,30,bacteria,14.669650945754015,419.6319018404903
A6,A,HV,30,bacteria2,24.03142013237293,2835.582822085886
A6,A,HV,36,bacteria,14.523462431740896,1009.4562647754137
A6,A,HV,36,bacteria2,22.78666602406434,4872.340425531916
A6,A,HV,42,bacteria,13.930044608539676,3436.5079365079505
A6,A,HV,42,bacteria2,20.727752358671502,5099.20634920637
A6,A,HV,48,bacteria,13.287157002786937,4844.736842105257
A6,A,HV,48,bacteria2,20.246250579563366,3811.842105263153
A7,A,HG-vHV,0,bacteria,12.16232997819364,248.3829236739984
A7,A,HG-vHV,0,bacteria2,23.222994801780576,338.9391979301436
A7,A,HG-vHV,6,bacteria,13.978379480234091,46.29629629629624
A7,A,HG-vHV,6,bacteria2,25.27851630270729,125.6613756613755
A7,A,HG-vHV,12,bacteria,13.924795829674796,12.895662368112514
A7,A,HG-vHV,12,bacteria2,21.51482897750539,21.101992966002296
A7,A,HG-vHV,18,bacteria,13.425079888231565,9.864364981504291
A7,A,HG-vHV,18,bacteria2,22.01122338769286,18.495684340320548
A7,A,HG-vHV,24,bacteria,14.14398945771301,14.68926553672313
A7,A,HG-vHV,24,bacteria2,24.46661880700315,32.76836158192083
A7,A,HG-vHV,30,bacteria,14.310322861181907,30.183727034120892
A7,A,HG-vHV,30,bacteria2,23.977960633564777,26.246719160105123
A7,A,HG-vHV,36,bacteria,13.820653716320944,42.10526315789468
A7,A,HG-vHV,36,bacteria2,20.909725438427927,52.631578947368354
A7,A,HG-vHV,42,bacteria,14.439113435298621,43.42105263157889
A7,A,HG-vHV,42,bacteria2,23.960471912132594,26.315789473684177
A7,A,HG-vHV,48,bacteria,12.961697393247078,91.98423127463889
A7,A,HG-vHV,48,bacteria2,21.111264157534297,55.19053876478333
B1,B,Control,0,bacteria,12.01040804163882,346.6872110939897
B1,B,Control,0,bacteria2,23.118920919232963,571.6486902927563
B1,B,Control,6,bacteria,12.86808713771771,220.0956937799043
B1,B,Control,6,bacteria2,23.75810563968374,660.2870813397129
B1,B,Control,12,bacteria,12.178977866402466,309.56239870340306
B1,B,Control,12,bacteria2,22.53006380590853,1009.7244732576969
B1,B,Control,18,bacteria,11.70649126701596,639.8713826366528
B1,B,Control,18,bacteria2,22.70563871945743,1315.1125401929196
B1,B,Control,24,bacteria,11.316150190949775,878.315132605307
B1,B,Control,24,bacteria2,23.009582218135343,1472.698907956323
B1,B,Control,30,bacteria,11.748459795403434,952.845528455283
B1,B,Control,30,bacteria2,22.687879050025334,1554.4715447154447
B1,B,Control,36,bacteria,12.273027979441467,1010.9890109890125
B1,B,Control,36,bacteria2,23.4646984220548,2464.678178963897
B1,B,Control,42,bacteria,12.096116827525503,1355.877616747182
B1,B,Control,42,bacteria2,23.617256596383463,2753.623188405797
B1,B,Control,48,bacteria,12.156777159397159,1861.4649681528751
B1,B,Control,48,bacteria2,21.937324104533406,2863.057324840778
B2,B,LG-HV,0,bacteria,12.057719177080838,360.3988603988614
B2,B,LG-HV,0,bacteria2,23.983724083543215,524.2165242165257
B2,B,LG-HV,6,bacteria,13.465954336034232,251.10782865583494
B2,B,LG-HV,6,bacteria2,24.091648634835675,651.4032496307248
B2,B,LG-HV,12,bacteria,14.177199005546917,289.05109489051176
B2,B,LG-HV,12,bacteria2,24.984913845088563,1245.2554744525585
B2,B,LG-HV,18,bacteria,14.47115169717103,385.1132686084149
B2,B,LG-HV,18,bacteria2,23.29624895058463,1537.216828478967
B2,B,LG-HV,24,bacteria,13.733293275601179,180.90452261306513
B2,B,LG-HV,24,bacteria2,24.447101113084802,1561.5577889447218
B2,B,LG-HV,30,bacteria,14.68408540388861,31.578947368421012
B2,B,LG-HV,30,bacteria2,24.850312014732957,323.6842105263154
B2,B,LG-HV,36,bacteria,13.909710802997077,15.91187270501834
B2,B,LG-HV,36,bacteria2,21.21113363448343,47.73561811505502
B2,B,LG-HV,42,bacteria,14.03944644184882,28.60411899313498
B2,B,LG-HV,42,bacteria2,24.94124998594948,43.47826086956516
B2,B,LG-HV,48,bacteria,13.30904754304372,41.301627033792286
B2,B,LG-HV,48,bacteria2,22.695888192229564,127.65957446808525
B3,B,LV,0,bacteria,11.619652405730507,218.8365650969529
B3,B,LV,0,bacteria2,22.975572034263045,368.42105263157896
B3,B,LV,6,bacteria,12.539430742925108,221.27659574468086
B3,B,LV,6,bacteria2,23.441715509266317,510.63829787234044
B3,B,LV,12,bacteria,12.453978595875151,258.24175824175825
B3,B,LV,12,bacteria2,24.572632097760582,1265.10989010989
B3,B,LV,18,bacteria,12.363835087414277,804.3478260869576
B3,B,LV,18,bacteria2,23.685135827533173,1698.5507246376835
B3,B,LV,24,bacteria,11.864608795183047,853.9007092198582
B3,B,LV,24,bacteria2,23.904631069373497,1493.6170212765958
B3,B,LV,30,bacteria,12.141695690352101,861.5384615384627
B3,B,LV,30,bacteria2,23.742654645404045,1577.6223776223799
B3,B,LV,36,bacteria,13.910785175170155,608.7533156498698
B3,B,LV,36,bacteria2,24.449161973468772,3409.814323607441
B3,B,LV,42,bacteria,13.650248619782,746.1447212336866
B3,B,LV,42,bacteria2,23.458557404319667,5157.769869513623
B3,B,LV,48,bacteria,13.165006249549794,1652.1197007481276
B3,B,LV,48,bacteria2,22.325129821502287,8997.506234413953
B4,B,LG-HV,0,bacteria,12.03741501414855,215.38461538461448
B4,B,LG-HV,0,bacteria2,22.62438247690958,295.1048951048939
B4,B,LG-HV,6,bacteria,13.741826889083523,191.5492957746487
B4,B,LG-HV,6,bacteria2,23.963659426005318,639.4366197183125
B4,B,LG-HV,12,bacteria,14.000743745517296,189.3408134642359
B4,B,LG-HV,12,bacteria2,24.915258809160566,1002.8050490883605
B4,B,LG-HV,18,bacteria,13.962233987128624,413.2450331125833
B4,B,LG-HV,18,bacteria2,22.424382758024322,1254.304635761591
B4,B,LG-HV,24,bacteria,13.361832411918739,236.51452282157743
B4,B,LG-HV,24,bacteria2,22.815926047336056,1858.9211618257314
B4,B,LG-HV,30,bacteria,13.15997284563798,304.58221024258637
B4,B,LG-HV,30,bacteria2,25.395196032669226,2584.905660377348
B4,B,LG-HV,36,bacteria,12.839723486492888,1049.9342969776567
B4,B,LG-HV,36,bacteria2,23.37177605012002,2894.8751642575444
B4,B,LG-HV,42,bacteria,12.619963301728422,709.5046854082998
B4,B,LG-HV,42,bacteria2,20.70710203913797,717.536813922356
B4,B,LG-HV,48,bacteria,13.690019045260469,90.41095890410959
B4,B,LG-HV,48,bacteria2,20.210596247777783,61.64383561643836
B5,B,HG-vHV,0,bacteria,12.384760224087493,287.69841269841385
B5,B,HG-vHV,0,bacteria2,23.491662130160385,380.95238095238244
B5,B,HG-vHV,6,bacteria,14.718779371777517,14.678899082568808
B5,B,HG-vHV,6,bacteria2,24.166480260469925,133.94495412844037
B5,B,HG-vHV,12,bacteria,15.915649449958794,3.669724770642202
B5,B,HG-vHV,12,bacteria2,23.92312500120101,56.88073394495413
B5,B,HG-vHV,18,bacteria,14.229484973491987,6.700167504187616
B5,B,HG-vHV,18,bacteria2,24.793626279020145,40.201005025125696
B5,B,HG-vHV,24,bacteria,13.046935651191717,15.65217391304356
B5,B,HG-vHV,24,bacteria2,23.3627411630006,60.86956521739162
B5,B,HG-vHV,30,bacteria,15.274929891996,11.881188118811881
B5,B,HG-vHV,30,bacteria2,20.60106450580573,47.524752475247524
B5,B,HG-vHV,36,bacteria,13.830436744479282,43.22200392927317
B5,B,HG-vHV,36,bacteria2,22.136495980458058,72.69155206286851
B5,B,HG-vHV,42,bacteria,13.346547517187712,57.943925233644755
B5,B,HG-vHV,42,bacteria2,20.87344005584466,54.205607476635414
B5,B,HG-vHV,48,bacteria,13.609016328215805,79.09604519773981
B5,B,HG-vHV,48,bacteria2,19.97146023188923,107.34463276836118
B6,B,HV,0,bacteria,11.939793213024855,289.3700787401592
B6,B,HV,0,bacteria2,23.741482158324995,442.9133858267743
B6,B,HV,6,bacteria,12.745155082630284,168.31683168316832
B6,B,HV,6,bacteria2,24.209434733790097,641.5841584158416
B6,B,HV,12,bacteria,13.371101115808251,161.29032258064578
B6,B,HV,12,bacteria2,23.863125140536905,1036.0531309297953
B6,B,HV,18,bacteria,12.760477198144732,507.7821011673142
B6,B,HV,18,bacteria2,22.2901682340465,1406.6147859922153
B6,B,HV,24,bacteria,14.315519925631152,324.63295269167975
B6,B,HV,24,bacteria2,24.46315282438378,1978.7928221859675
B6,B,HV,30,bacteria,14.5815884283567,236.7906066536208
B6,B,HV,30,bacteria2,25.74640504459251,3281.8003913894386
B6,B,HV,36,bacteria,13.38512709757312,1206.8311195445874
B6,B,HV,36,bacteria2,23.572832763625197,6161.290322580621
B6,B,HV,42,bacteria,13.160009033562407,3190.909090909079
B6,B,HV,42,bacteria2,21.243776732667484,7350.909090909065
B6,B,HV,48,bacteria,13.533514970203552,5398.865784499035
B6,B,HV,48,bacteria2,20.916875654349855,6474.4801512287095
B7,B,HG-vHV,0,bacteria,11.948245694917576,347.64542936288086
B7,B,HG-vHV,0,bacteria2,22.085396202666217,407.202216066482
B7,B,HG-vHV,6,bacteria,14.27469968195955,95.29860228716645
B7,B,HG-vHV,6,bacteria2,22.87248831971635,203.30368487928843
B7,B,HG-vHV,12,bacteria,12.88062336667216,31.20936280884257
B7,B,HG-vHV,12,bacteria2,23.051336817364554,61.11833550065003
B7,B,HG-vHV,18,bacteria,13.739035338768732,34.44180522565316
B7,B,HG-vHV,18,bacteria2,22.6144224908881,46.31828978622322
B7,B,HG-vHV,24,bacteria,14.566197393431153,33.54134165366615
B7,B,HG-vHV,24,bacteria2,21.725434855851955,43.6817472698908
B7,B,HG-vHV,30,bacteria,14.305434567992425,41.948579161028356
B7,B,HG-vHV,30,bacteria2,21.8840167521592,64.95263870094713
B7,B,HG-vHV,36,bacteria,14.418772163222894,55.85106382978709
B7,B,HG-vHV,36,bacteria2,21.21372990155483,81.11702127659552
B7,B,HG-vHV,42,bacteria,13.430379912029776,120.54120541205457
B7,B,HG-vHV,42,bacteria2,21.47626960568659,97.17097170971746
B7,B,HG-vHV,48,bacteria,13.439220850152873,97.3036342321217
B7,B,HG-vHV,48,bacteria2,20.744313451705494,105.50996483001148
C1,C,Control,0,bacteria,11.425077245085223,556.2913907284768
C1,C,Control,0,bacteria2,21.76866292954739,688.7417218543046
C1,C,Control,6,bacteria,11.418892235465567,821.2634822804289
C1,C,Control,6,bacteria2,21.755993919033454,1072.419106317408
C1,C,Control,12,bacteria,12.5389808360752,749.1694352159468
C1,C,Control,12,bacteria2,21.77449034992086,901.9933554817276
C1,C,Control,18,bacteria,11.939101645215894,867.2
C1,C,Control,18,bacteria2,21.44902484191852,873.6
C1,C,Control,24,bacteria,11.125117122947243,947.454844006565
C1,C,Control,24,bacteria2,21.74423182693235,1206.896551724134
C1,C,Control,30,bacteria,11.146814013409605,877.0491803278703
C1,C,Control,30,bacteria2,22.35166377903338,1100.0000000000018
C1,C,Control,36,bacteria,11.543083418142434,1015.6985871271601
C1,C,Control,36,bacteria2,22.07625577510385,1317.1114599686048
C1,C,Control,42,bacteria,11.554803757680814,1311.7088607594999
C1,C,Control,42,bacteria2,20.946412783578715,1454.11392405064
C1,C,Control,48,bacteria,11.257161356127867,1400.3164556962004
C1,C,Control,48,bacteria2,22.04233595305754,1693.0379746835415
C2,C,LG-HV,0,bacteria,11.494027097959433,586.0139860139868
C2,C,LG-HV,0,bacteria2,21.868213484164066,606.9930069930078
C2,C,LG-HV,6,bacteria,12.539209358392771,483.483483483485
C2,C,LG-HV,6,bacteria2,22.91711593674155,734.2342342342365
C2,C,LG-HV,12,bacteria,14.167800750757833,279.53890489913584
C2,C,LG-HV,12,bacteria2,24.14335097972963,1511.5273775216158
C2,C,LG-HV,18,bacteria,13.161388321016952,385.4660347551349
C2,C,LG-HV,18,bacteria2,22.717263025623865,1736.1769352290708
C2,C,LG-HV,24,bacteria,14.472210996576774,188.9763779527562
C2,C,LG-HV,24,bacteria2,23.573365073081362,615.748031496064
C2,C,LG-HV,30,bacteria,14.337347235297853,19.801980198019802
C2,C,LG-HV,30,bacteria2,24.952626498281905,117.39745403111739
C2,C,LG-HV,36,bacteria,12.77629793845476,32.4449594438007
C2,C,LG-HV,36,bacteria2,23.942459606210846,146.00231749710312
C2,C,LG-HV,42,bacteria,12.706389519315358,46.6562986003109
C2,C,LG-HV,42,bacteria2,22.15077582873223,93.3125972006218
C2,C,LG-HV,48,bacteria,12.609088833304192,52.95950155763239
C2,C,LG-HV,48,bacteria2,22.23930679932201,141.74454828660436
C3,C,LV,0,bacteria,11.556861464015102,605.9190031152648
C3,C,LV,0,bacteria2,22.359382094387133,679.1277258566978
C3,C,LV,6,bacteria,12.524793110240642,488.29953198128084
C3,C,LV,6,bacteria2,21.908534807429493,936.0374414976629
C3,C,LV,12,bacteria,13.243472221459886,630.2765647743795
C3,C,LV,12,bacteria2,22.044839066945176,1082.9694323144072
C3,C,LV,18,bacteria,12.243010067966477,850.3703703703666
C3,C,LV,18,bacteria2,21.084390324701843,1111.1111111111063
C3,C,LV,24,bacteria,11.338456449571403,1132.4200913241991
C3,C,LV,24,bacteria2,21.53998721329332,1298.3257229832552
C3,C,LV,30,bacteria,11.299851193415124,998.4447900466595
C3,C,LV,30,bacteria2,23.13472393598502,1275.2721617418392
C3,C,LV,36,bacteria,13.795616131642296,809.6828046744602
C3,C,LV,36,bacteria2,22.632481689917554,2295.4924874791395
C3,C,LV,42,bacteria,13.444927309889707,1480.37889039242
C3,C,LV,42,bacteria2,21.729142451398094,4300.405953991874
C3,C,LV,48,bacteria,14.21445965787103,2100.840336134443
C3,C,LV,48,bacteria2,20.92918965501146,6322.68907563022
C4,C,LG-HV,0,bacteria,11.810316295151482,442.54658385093165
C4,C,LG-HV,0,bacteria2,22.324351332984527,402.17391304347825
C4,C,LG-HV,6,bacteria,13.155932284083738,425.03863987635367
C4,C,LG-HV,6,bacteria2,23.308107270330307,902.6275115919657
C4,C,LG-HV,12,bacteria,13.933251659181593,483.8212634822789
C4,C,LG-HV,12,bacteria2,23.06599838373812,1417.565485362091
C4,C,LG-HV,18,bacteria,13.521929305210593,349.7688751926029
C4,C,LG-HV,18,bacteria2,21.887155308962356,1775.0385208012272
C4,C,LG-HV,24,bacteria,14.033771209390283,178.625954198473
C4,C,LG-HV,24,bacteria2,23.342443493030586,769.4656488549607
C4,C,LG-HV,30,bacteria,13.97669770584444,30.581039755351725
C4,C,LG-HV,30,bacteria2,25.231528059113195,129.96941896024484
C4,C,LG-HV,36,bacteria,13.672572097528482,41.907514450866806
C4,C,LG-HV,36,bacteria2,25.050136395079413,130.05780346820734
C4,C,LG-HV,42,bacteria,13.41140554329284,60.478199718706136
C4,C,LG-HV,42,bacteria2,23.790484820466617,101.26582278481028
C4,C,LG-HV,48,bacteria,13.860959079864363,40.909090909091034
C4,C,LG-HV,48,bacteria2,23.44749434728844,169.6969696969702
C5,C,HG-vHV,0,bacteria,11.694290051240438,662.6323751891065
C5,C,HG-vHV,0,bacteria2,21.8362292971261,704.9924357034786
C5,C,HG-vHV,6,bacteria,13.914663374999217,284.4574780058647
C5,C,HG-vHV,6,bacteria2,23.898484478642406,376.8328445747795
C5,C,HG-vHV,12,bacteria,13.06790590297144,466.16541353383457
C5,C,HG-vHV,12,bacteria2,22.773764818210655,1675.187969924812
C5,C,HG-vHV,18,bacteria,13.225044429800652,1059.0015128593027
C5,C,HG-vHV,18,bacteria2,21.607237943090052,2128.593040847198
C5,C,HG-vHV,24,bacteria,12.537118901959364,22.65861027190339
C5,C,HG-vHV,24,bacteria2,26.892474733239577,172.20543806646577
C5,C,HG-vHV,30,bacteria,14.701381729977573,34.53237410071937
C5,C,HG-vHV,30,bacteria2,24.348337267661947,202.87769784172633
C5,C,HG-vHV,36,bacteria,14.039745327124043,46.33781763826607
C5,C,HG-vHV,36,bacteria2,24.855990757603127,212.25710014947683
C5,C,HG-vHV,42,bacteria,13.649834545882458,72.85714285714255
C5,C,HG-vHV,42,bacteria2,25.210265191334823,149.99999999999937
C5,C,HG-vHV,48,bacteria,13.397921303303425,83.70702541106128
C5,C,HG-vHV,48,bacteria2,23.95541616368008,155.4559043348281
C6,C,HV,0,bacteria,11.692456111173051,687.2770511296051
C6,C,HV,0,bacteria2,22.20624169964084,778.8347205707463
C6,C,HV,6,bacteria,12.815626591311524,575.0371471025269
C6,C,HV,6,bacteria2,22.935572133772286,927.1916790490355
C6,C,HV,12,bacteria,13.183934343242452,467.62589928057486
C6,C,HV,12,bacteria2,22.578621923526104,1656.1151079136666
C6,C,HV,18,bacteria,13.371641173884363,1124.6290801186994
C6,C,HV,18,bacteria2,21.804428987689185,2295.2522255192985
C6,C,HV,24,bacteria,14.184046368724614,773.1543624161073
C6,C,HV,24,bacteria2,22.904245583017737,3880.536912751678
C6,C,HV,30,bacteria,13.966909006481542,2046.5465465465406
C6,C,HV,30,bacteria2,20.58630399305256,4466.966966966954
C6,C,HV,36,bacteria,12.701322892206175,4506.00600600602
C6,C,HV,36,bacteria2,20.16827023863941,3381.3813813813917
C6,C,HV,42,bacteria,11.8184268035135,6001.358695652182
C6,C,HV,42,bacteria2,19.966478822590425,3108.6956521739176
C6,C,HV,48,bacteria,11.56628608960904,5603.293413173669
C6,C,HV,48,bacteria2,20.111336528931226,2899.700598802404
C7,C,HG-vHV,0,bacteria,11.67054703305458,665.4991243432551
C7,C,HG-vHV,0,bacteria2,21.54335127866461,746.0595446584913
C7,C,HG-vHV,6,bacteria,14.026631782518644,295.25483304042075
C7,C,HG-vHV,6,bacteria2,24.27831156315453,441.12478031634294
C7,C,HG-vHV,12,bacteria,12.418407988612874,50.962627406568636
C7,C,HG-vHV,12,bacteria2,23.853343861024097,101.92525481313727
C7,C,HG-vHV,18,bacteria,14.587327457210913,23.578363384188695
C7,C,HG-vHV,18,bacteria2,24.6971649303951,67.96116504854388
C7,C,HG-vHV,24,bacteria,12.04354357008204,64.84149855907789
C7,C,HG-vHV,24,bacteria2,27.48798507485068,193.08357348703197
C7,C,HG-vHV,30,bacteria,13.188882322671157,79.90599294947103
C7,C,HG-vHV,30,bacteria2,24.518230844759557,223.26674500587492
C7,C,HG-vHV,36,bacteria,12.66069359909736,75.60627674750347
C7,C,HG-vHV,36,bacteria2,24.974444175085903,258.20256776034205
C7,C,HG-vHV,42,bacteria,12.038512386776683,233.06544202066593
C7,C,HG-vHV,42,bacteria2,24.106580176352626,272.1010332950632
C7,C,HG-vHV,48,bacteria,11.827904584787227,117.31044349070082
C7,C,HG-vHV,48,bacteria2,25.2046344764316,150.2145922746779
E1,E,Control,0,bacteria,11.483823822048917,499.0512333965864
E1,E,Control,0,bacteria2,22.23422517649342,633.7760910815964
E1,E,Control,6,bacteria,12.61898014803994,470.4797047970454
E1,E,Control,6,bacteria2,22.729123116032955,896.6789667896629
E1,E,Control,12,bacteria,12.3159098546709,629.570747217806
E1,E,Control,12,bacteria2,22.216402049447698,898.2511923688395
E1,E,Control,18,bacteria,11.651069286318036,724.8576850094848
E1,E,Control,18,bacteria2,21.972698193315214,954.4592030360495
E1,E,Control,24,bacteria,11.123322450297993,750.9363295880164
E1,E,Control,24,bacteria2,21.818124973607652,898.8764044943837
E1,E,Control,30,bacteria,11.154933477471683,1097.4658869395646
E1,E,Control,30,bacteria2,21.972219518264392,1087.7192982456077
E1,E,Control,36,bacteria,11.958902325048218,1242.9378531073517
E1,E,Control,36,bacteria2,22.671953580470753,1561.2052730696885
E1,E,Control,42,bacteria,11.805499076583445,998.0694980694963
E1,E,Control,42,bacteria2,22.476236570169988,1397.683397683395
E1,E,Control,48,bacteria,11.306589648932286,1429.0718038528971
E1,E,Control,48,bacteria2,22.334894846239894,1509.632224168134
E2,E,LG,0,bacteria,11.654488695747018,465.2509652509644
E2,E,LG,0,bacteria2,23.721475338535676,627.4131274131263
E2,E,LG,6,bacteria,13.011653343007472,562.1414913957957
E2,E,LG,6,bacteria2,25.364828030555135,766.7304015296397
E2,E,LG,12,bacteria,13.182545049759916,709.9358974358997
E2,E,LG,12,bacteria2,24.026837649945566,900.6410256410285
E2,E,LG,18,bacteria,12.74350474103285,668.5393258426978
E2,E,LG,18,bacteria2,23.652587078082078,679.7752808988777
E2,E,LG,24,bacteria,12.047859934751695,807.8994614003605
E2,E,LG,24,bacteria2,22.974744306097467,680.430879712748
E2,E,LG,30,bacteria,13.240317115365682,586.7158671586737
E2,E,LG,30,bacteria2,24.084412088789822,389.29889298893136
E2,E,LG,36,bacteria,14.926946523542858,86.0215053763447
E2,E,LG,36,bacteria2,19.798742507715474,216.8458781362023
E2,E,LG,42,bacteria,14.114251949613921,17.421602787456354
E2,E,LG,42,bacteria2,24.21633432343028,24.390243902438897
E2,E,LG,48,bacteria,11.613137214357153,25.55366269165247
E2,E,LG,48,bacteria2,24.24641289645715,32.3679727427598
E3,E,LG,0,bacteria,11.92634572244812,521.8181818181799
E3,E,LG,0,bacteria2,23.91865268801946,650.9090909090886
E3,E,LG,6,bacteria,12.486698776627138,542.0393559928463
E3,E,LG,6,bacteria2,23.200289815685817,735.2415026833658
E3,E,LG,12,bacteria,12.793899727451285,759.4254937163334
E3,E,LG,12,bacteria2,22.620959619863587,942.5493716337471
E3,E,LG,18,bacteria,12.352361156627667,653.239929947464
E3,E,LG,18,bacteria2,22.18430691482207,777.583187390547
E3,E,LG,24,bacteria,12.29065887588226,724.0398293029872
E3,E,LG,24,bacteria2,22.334439720989444,586.0597439544808
E3,E,LG,30,bacteria,13.3170275247017,549.5798319327704
E3,E,LG,30,bacteria2,23.962230141847435,300.8403361344523
E3,E,LG,36,bacteria,14.039385442696217,64.45993031358897
E3,E,LG,36,bacteria2,19.93035598975672,144.59930313588876
E3,E,LG,42,bacteria,10.597987276873916,38.528896672504246
E3,E,LG,42,bacteria2,23.59833288728101,49.03677758318722
E3,E,LG,48,bacteria,12.430426780073379,15.873015873015817
E3,E,LG,48,bacteria2,22.874813992390845,29.982363315696542
E4,E,LG,0,bacteria,12.005351842962343,596.9101123595531
E4,E,LG,0,bacteria2,23.510195310506646,676.9662921348342
E4,E,LG,6,bacteria,12.703359137835212,583.5777126099698
E4,E,LG,6,bacteria2,23.222755680319594,706.7448680351896
E4,E,LG,12,bacteria,12.84459694610509,749.6087636932731
E4,E,LG,12,bacteria2,22.278199353073028,801.2519561815361
E4,E,LG,18,bacteria,12.319548078980421,680.7580174927115
E4,E,LG,18,bacteria2,21.495627117167114,674.927113702624
E4,E,LG,24,bacteria,12.082061912591218,789.5569620253152
E4,E,LG,24,bacteria2,22.714761047819614,685.1265822784799
E4,E,LG,30,bacteria,13.236139086470528,747.4150664697204
E4,E,LG,30,bacteria2,23.15937392425147,447.5627769571646
E4,E,LG,36,bacteria,14.908390457175477,217.72939346811887
E4,E,LG,36,bacteria2,20.024858674931224,363.9191290824273
E4,E,LG,42,bacteria,13.013106732676631,36.75344563552828
E4,E,LG,42,bacteria2,23.756336987824675,58.19295558958644
E4,E,LG,48,bacteria,12.973121617490596,15.988372093023257
E4,E,LG,48,bacteria2,25.865035305317765,42.151162790697676
E5,E,HG,0,bacteria,12.571415305307644,750.380517503804
E5,E,HG,0,bacteria2,22.690134127289316,1003.0441400304398
E5,E,HG,6,bacteria,13.482793238928636,829.6874999999987
E5,E,HG,6,bacteria2,23.887182112522183,740.6249999999989
E5,E,HG,12,bacteria,13.635439471954513,833.576642335764
E5,E,HG,12,bacteria2,22.976745593915044,607.2992700729909
E5,E,HG,18,bacteria,12.653578419550083,131.2499999999998
E5,E,HG,18,bacteria2,22.443903917882036,157.81249999999974
E5,E,HG,24,bacteria,13.16072865534167,42.19409282700428
E5,E,HG,24,bacteria2,24.47195496675671,92.82700421940942
E5,E,HG,30,bacteria,12.75917352458886,30.72196620583708
E5,E,HG,30,bacteria2,22.184619923363734,59.90783410138231
E5,E,HG,36,bacteria,13.481202133897746,52.023121387282934
E5,E,HG,36,bacteria2,21.115546376655864,70.80924855491288
E5,E,HG,42,bacteria,12.552093941365607,47.619047619047556
E5,E,HG,42,bacteria2,20.87542780702514,14.157014157014139
E5,E,HG,48,bacteria,12.219306814694246,79.87711213517642
E5,E,HG,48,bacteria2,24.264458467742973,21.505376344085956
E6,E,HG,0,bacteria,12.322236848850288,826.8933539412699
E6,E,HG,0,bacteria2,22.538772401683623,1058.7326120556447
E6,E,HG,6,bacteria,13.440646933382551,922.7202472952058
E6,E,HG,6,bacteria2,24.47747942136607,760.4327666151445
E6,E,HG,12,bacteria,13.207521840702997,836.1408882082683
E6,E,HG,12,bacteria2,22.38913355776187,581.9295558958644
E6,E,HG,18,bacteria,12.422165751345563,222.7272727272734
E6,E,HG,18,bacteria2,21.49337344384483,162.1212121212126
E6,E,HG,24,bacteria,12.133601183120852,56.748466257668795
E6,E,HG,24,bacteria2,22.844845745763706,81.28834355828234
E6,E,HG,30,bacteria,11.159521045648647,35.060975609756156
E6,E,HG,30,bacteria2,24.95108087657892,41.15853658536592
E6,E,HG,36,bacteria,11.745190499160012,90.22556390977444
E6,E,HG,36,bacteria2,23.652656364332508,72.18045112781955
E6,E,HG,42,bacteria,11.706013925167413,110.5990783410135
E6,E,HG,42,bacteria2,20.97258354936595,41.474654377880064
E6,E,HG,48,bacteria,11.415190740627304,81.16385911179161
E6,E,HG,48,bacteria2,20.860708991148947,49.004594180704366
E7,E,HG,0,bacteria,12.35244513080331,779.8449612403077
E7,E,HG,0,bacteria2,22.76070488574728,1021.705426356586
E7,E,HG,6,bacteria,13.575583093449403,1039.3325387365924
E7,E,HG,6,bacteria2,24.134278317566114,821.2157330154955
E7,E,HG,12,bacteria,13.102141221800206,862.06896551724
E7,E,HG,12,bacteria2,23.313301355521045,534.4827586206889
E7,E,HG,18,bacteria,11.770477241391966,232.33908948194554
E7,E,HG,18,bacteria2,21.469629406888806,202.5117739403444
E7,E,HG,24,bacteria,11.837690967838949,76.92307692307703
E7,E,HG,24,bacteria2,23.076562456267478,135.0078492935638
E7,E,HG,30,bacteria,12.319127383819652,42.5531914893617
E7,E,HG,30,bacteria2,21.92931861100288,49.645390070921984
E7,E,HG,36,bacteria,11.817219722967403,70.69219440353429
E7,E,HG,36,bacteria2,22.36397575347502,54.49189985272435
E7,E,HG,42,bacteria,12.212173116021415,101.89573459715639
E7,E,HG,42,bacteria2,23.154281441987393,42.654028436018955
E7,E,HG,48,bacteria,11.454752959340913,109.19540229885074
E7,E,HG,48,bacteria2,23.068721613035727,54.59770114942537
